subject_number,condition,trial_number,phase,block,target_gender,target_race,flanker_gender,flanker_race,flanker_emotion,stimulus_type,study_flanker_emotion,study_flanker_gender,pair_type,response,rt,correct,timed_out,rating
1,2,1,study,0,female,Asian,female,White,neutral,,,,,z,700,True,False,
1,2,2,study,0,female,Black,male,Black,neutral,,,,,,,False,True,
1,2,3,study,0,male,Black,male,White,angry,,,,,,,False,True,
1,2,4,study,0,male,White,female,White,neutral,,,,,z,703,False,False,
1,2,5,study,0,female,White,male,Black,happy,,,,,,,False,True,
1,2,6,study,0,male,White,female,Black,neutral,,,,,z,1654,False,False,
1,2,7,study,0,female,Asian,female,White,happy,,,,,z,1343,True,False,
1,2,8,study,0,male,White,female,White,angry,,,,,z,2716,False,False,
1,2,9,study,0,male,White,female,White,neutral,,,,,z,2506,False,False,
1,2,10,study,0,female,Asian,male,Black,neutral,,,,,m,2257,False,False,
1,2,11,study,0,male,White,male,White,happy,,,,,m,1123,True,False,
1,2,12,study,0,male,Asian,female,Black,angry,,,,,z,1339,False,False,
1,2,13,study,0,male,Asian,female,White,angry,,,,,m,667,True,False,
1,2,14,study,0,female,Asian,female,White,neutral,,,,,z,895,True,False,
1,2,15,study,0,female,Asian,male,Black,happy,,,,,m,835,False,False,
1,2,16,study,0,male,White,male,White,neutral,,,,,z,1031,False,False,
1,2,17,study,0,female,Latino,male,Black,happy,,,,,m,2345,False,False,
1,2,18,study,0,female,Black,female,White,happy,,,,,z,1015,True,False,
1,2,19,study,0,male,White,male,Black,angry,,,,,m,1165,True,False,
1,2,20,study,0,male,Asian,female,Black,neutral,,,,,z,1682,False,False,
1,2,21,study,0,female,Latino,male,Black,angry,,,,,m,1095,False,False,
1,2,22,study,0,female,Black,male,Black,neutral,,,,,,,False,True,
1,2,23,study,0,female,Latino,female,White,angry,,,,,z,534,True,False,
1,2,24,study,0,male,Latino,male,Black,happy,,,,,m,673,True,False,
1,2,25,study,0,female,Black,female,Black,happy,,,,,z,769,True,False,
1,2,26,study,0,female,Latino,male,Black,angry,,,,,z,1618,True,False,
1,2,27,study,0,male,Asian,female,White,happy,,,,,z,2079,False,False,
1,2,28,study,0,female,Black,female,Black,neutral,,,,,z,1184,True,False,
1,2,29,study,0,female,White,male,Black,happy,,,,,m,840,False,False,
1,2,30,study,0,male,Black,female,White,happy,,,,,z,1462,False,False,
1,2,31,study,1,male,Black,female,White,happy,,,,,z,1383,False,False,
1,2,32,study,1,female,Asian,female,Black,happy,,,,,z,2077,True,False,
1,2,33,study,1,male,White,female,White,neutral,,,,,z,1530,False,False,
1,2,34,study,1,female,Black,female,Black,angry,,,,,z,1261,True,False,
1,2,35,study,1,female,Latino,male,Black,neutral,,,,,m,1044,False,False,
1,2,36,study,1,female,Black,female,Black,angry,,,,,z,638,True,False,
1,2,37,study,1,male,Latino,male,White,neutral,,,,,z,822,False,False,
1,2,38,study,1,female,Black,female,White,neutral,,,,,z,798,True,False,
1,2,39,study,1,male,Black,male,Black,happy,,,,,m,803,True,False,
1,2,40,study,1,male,White,male,Black,neutral,,,,,m,694,True,False,
1,2,41,study,1,male,White,male,White,happy,,,,,m,1093,True,False,
1,2,42,study,1,male,Latino,male,White,angry,,,,,m,1115,True,False,
1,2,43,study,1,male,White,female,Black,angry,,,,,z,1266,False,False,
1,2,44,study,1,male,Asian,male,Black,neutral,,,,,m,1018,True,False,
1,2,45,study,1,female,Latino,female,Black,angry,,,,,z,1198,True,False,
1,2,46,study,1,female,Latino,male,White,angry,,,,,m,1010,False,False,
1,2,47,study,1,female,Black,female,White,angry,,,,,z,1215,True,False,
1,2,48,study,1,male,Black,female,White,angry,,,,,z,1412,False,False,
1,2,49,study,1,male,Black,male,Black,happy,,,,,m,1260,True,False,
1,2,50,study,1,female,Black,female,Black,happy,,,,,z,1202,True,False,
1,2,51,study,1,male,Black,male,Black,angry,,,,,m,1103,True,False,
1,2,52,study,1,female,White,female,White,neutral,,,,,z,932,True,False,
1,2,53,study,1,male,White,male,Black,neutral,,,,,m,736,True,False,
1,2,54,study,1,male,White,female,Black,happy,,,,,z,889,False,False,
1,2,55,study,1,male,Asian,female,White,happy,,,,,z,1502,False,False,
1,2,56,study,1,female,Black,male,White,angry,,,,,m,1515,False,False,
1,2,57,study,1,female,Asian,male,White,happy,,,,,m,2911,False,False,
1,2,58,study,1,female,Black,male,Black,angry,,,,,m,1687,False,False,
1,2,59,study,1,male,White,male,White,angry,,,,,m,1122,True,False,
1,2,60,study,1,female,White,male,White,neutral,,,,,m,2919,False,False,
1,2,61,study,0,male,Asian,female,White,happy,,,,,z,1490,False,False,
1,2,62,study,0,female,Latino,male,Black,happy,,,,,m,1158,False,False,
1,2,63,study,0,female,Black,female,White,angry,,,,,z,749,True,False,
1,2,64,study,0,female,Asian,male,White,happy,,,,,m,846,False,False,
1,2,65,study,0,male,Black,male,White,angry,,,,,m,1114,True,False,
1,2,66,study,0,male,Asian,male,Black,neutral,,,,,m,975,True,False,
1,2,67,study,0,male,Black,female,White,happy,,,,,z,1144,False,False,
1,2,68,study,0,female,White,male,White,neutral,,,,,m,1019,False,False,
1,2,69,study,0,female,Black,female,Black,angry,,,,,z,778,True,False,
1,2,70,study,0,male,Black,female,White,happy,,,,,z,1157,False,False,
1,2,71,study,0,female,Asian,female,Black,happy,,,,,z,1224,True,False,
1,2,72,study,0,female,Asian,female,White,neutral,,,,,z,2069,True,False,
1,2,73,study,0,female,Asian,female,White,neutral,,,,,z,1814,True,False,
1,2,74,study,0,male,White,female,Black,angry,,,,,m,1243,True,False,
1,2,75,study,0,male,Black,male,Black,happy,,,,,m,1006,True,False,
1,2,76,study,0,female,Black,female,Black,angry,,,,,z,861,True,False,
1,2,77,study,0,male,Asian,female,Black,angry,,,,,z,1359,False,False,
1,2,78,study,0,female,Asian,male,Black,happy,,,,,m,726,False,False,
1,2,79,study,0,female,Latino,male,Black,angry,,,,,z,1649,True,False,
1,2,80,study,0,male,White,male,White,happy,,,,,z,1163,False,False,
1,2,81,study,0,male,White,female,White,neutral,,,,,z,1695,False,False,
1,2,82,study,0,female,Black,male,Black,angry,,,,,m,1561,False,False,
1,2,83,study,0,male,White,male,Black,angry,,,,,m,1295,True,False,
1,2,84,study,0,male,White,female,Black,happy,,,,,z,1281,False,False,
1,2,85,study,0,female,Black,female,White,happy,,,,,z,1272,True,False,
1,2,86,study,0,female,Latino,male,Black,angry,,,,,m,976,False,False,
1,2,87,study,0,female,Black,male,Black,neutral,,,,,m,1356,False,False,
1,2,88,study,0,female,Latino,male,Black,neutral,,,,,m,1599,False,False,
1,2,89,study,0,male,Black,male,Black,happy,,,,,m,1643,True,False,
1,2,90,study,0,male,White,female,White,neutral,,,,,z,1224,False,False,
1,2,91,study,1,male,Asian,female,White,angry,,,,,z,1809,False,False,
1,2,92,study,1,female,White,female,White,neutral,,,,,z,1132,True,False,
1,2,93,study,1,female,Latino,male,White,angry,,,,,m,1211,False,False,
1,2,94,study,1,female,Black,male,White,angry,,,,,m,2400,False,False,
1,2,95,study,1,female,Black,female,Black,happy,,,,,z,1101,True,False,
1,2,96,study,1,male,White,male,White,happy,,,,,m,1148,True,False,
1,2,97,study,1,male,Latino,male,Black,happy,,,,,z,1738,False,False,
1,2,98,study,1,female,Black,female,White,neutral,,,,,z,2186,True,False,
1,2,99,study,1,female,White,male,Black,happy,,,,,m,1082,False,False,
1,2,100,study,1,female,Latino,female,White,angry,,,,,z,1007,True,False,
1,2,101,study,1,male,Black,female,White,angry,,,,,z,1241,False,False,
1,2,102,study,1,male,Latino,male,White,angry,,,,,m,1365,True,False,
1,2,103,study,1,male,White,male,Black,neutral,,,,,m,1561,True,False,
1,2,104,study,1,male,White,male,White,neutral,,,,,m,1040,True,False,
1,2,105,study,1,male,Black,male,Black,angry,,,,,m,892,True,False,
1,2,106,study,1,female,Latino,female,Black,angry,,,,,z,1322,True,False,
1,2,107,study,1,male,Asian,female,Black,neutral,,,,,z,1707,False,False,
1,2,108,study,1,female,Black,male,Black,neutral,,,,,m,835,False,False,
1,2,109,study,1,female,White,male,Black,happy,,,,,m,1479,False,False,
1,2,110,study,1,female,Black,female,Black,happy,,,,,m,2534,False,False,
1,2,111,study,1,female,Black,female,Black,neutral,,,,,z,1370,True,False,
1,2,112,study,1,male,White,female,Black,neutral,,,,,z,1880,False,False,
1,2,113,study,1,female,Asian,female,White,happy,,,,,z,1247,True,False,
1,2,114,study,1,male,White,male,Black,neutral,,,,,m,1474,True,False,
1,2,115,study,1,male,White,male,White,angry,,,,,m,1053,True,False,
1,2,116,study,1,male,White,female,White,angry,,,,,z,1978,False,False,
1,2,117,study,1,female,Asian,male,Black,neutral,,,,,m,1498,False,False,
1,2,118,study,1,male,Latino,male,White,neutral,,,,,m,978,True,False,
1,2,119,study,1,male,White,female,White,neutral,,,,,z,1870,False,False,
1,2,120,study,1,male,Asian,female,White,happy,,,,,z,1808,False,False,
1,2,121,test,0,female,Asian,female,White,happy,,,,intact,z,2583,False,False,
1,2,122,test,0,female,Latino,male,Black,angry,,,,intact,m,1690,True,False,
1,2,123,test,0,male,White,male,White,angry,,,,rearranged,,,False,True,
1,2,124,test,0,male,Black,male,Black,angry,,,,intact,m,1568,True,False,
1,2,125,test,0,female,Latino,male,White,angry,,,,rearranged,m,2028,False,False,
1,2,126,test,0,female,Asian,male,Black,happy,,,,rearranged,z,1887,True,False,
1,2,127,test,0,female,White,female,White,neutral,,,,intact,m,1447,True,False,
1,2,128,test,0,male,White,female,White,neutral,,,,intact,,,False,True,
1,2,129,test,0,male,White,male,White,happy,,,,intact,m,1091,True,False,
1,2,130,test,0,male,White,female,Black,neutral,,,,rearranged,z,719,True,False,
1,2,131,test,0,male,White,female,White,angry,,,,rearranged,z,948,True,False,
1,2,132,test,0,female,Black,male,Black,neutral,,,,rearranged,m,945,False,False,
1,2,133,test,0,male,White,male,Black,angry,,,,intact,z,770,False,False,
1,2,134,test,0,male,White,male,White,neutral,,,,rearranged,z,2042,True,False,
1,2,135,test,0,female,Asian,female,Black,happy,,,,intact,z,938,False,False,
1,2,136,test,0,female,Latino,female,Black,angry,,,,intact,z,990,False,False,
1,2,137,test,0,female,Black,female,Black,angry,,,,intact,z,1249,False,False,
1,2,138,test,0,male,Black,male,Black,happy,,,,intact,m,791,True,False,
1,2,139,test,0,female,White,male,Black,happy,,,,intact,z,773,False,False,
1,2,140,test,0,male,White,female,Black,neutral,,,,intact,z,695,False,False,
1,2,141,test,0,female,Latino,male,Black,neutral,,,,intact,m,912,True,False,
1,2,142,test,0,female,Black,male,Black,angry,,,,rearranged,z,1008,True,False,
1,2,143,test,0,female,Black,female,White,happy,,,,rearranged,z,924,True,False,
1,2,144,test,0,female,Black,female,Black,happy,,,,rearranged,z,1810,True,False,
1,2,145,test,0,female,Black,male,Black,neutral,,,,rearranged,,,False,True,
1,2,146,test,0,male,Latino,male,White,happy,,,,rearranged,m,1183,False,False,
1,2,147,test,0,male,White,male,Black,happy,,,,rearranged,z,1135,True,False,
1,2,148,test,0,male,Asian,female,White,happy,,,,rearranged,m,1783,False,False,
1,2,149,test,0,female,Asian,female,White,neutral,,,,rearranged,z,1751,True,False,
1,2,150,test,0,male,Black,female,White,angry,,,,rearranged,z,1034,True,False,
1,2,151,test,1,male,White,female,Black,angry,,,,intact,z,1414,False,False,
1,2,152,test,1,male,Asian,female,White,neutral,,,,rearranged,z,1444,True,False,
1,2,153,test,1,female,White,male,Black,happy,,,,intact,z,1301,False,False,
1,2,154,test,1,male,Black,female,White,happy,,,,intact,z,1385,False,False,
1,2,155,test,1,male,White,female,White,neutral,,,,intact,z,1474,False,False,
1,2,156,test,1,male,Black,female,Black,happy,,,,rearranged,z,1527,True,False,
1,2,157,test,1,female,Black,female,Black,happy,,,,rearranged,m,1424,False,False,
1,2,158,test,1,male,White,male,White,neutral,,,,rearranged,z,1260,True,False,
1,2,159,test,1,female,Black,female,White,neutral,,,,rearranged,z,1425,True,False,
1,2,160,test,1,male,Asian,female,White,happy,,,,intact,m,2729,True,False,
1,2,161,test,1,female,Latino,female,Black,angry,,,,rearranged,,,False,True,
1,2,162,test,1,female,Black,female,Black,neutral,,,,intact,z,2856,False,False,
1,2,163,test,1,female,Latino,male,White,angry,,,,rearranged,m,1017,False,False,
1,2,164,test,1,male,Asian,female,White,angry,,,,intact,m,1602,True,False,
1,2,165,test,1,male,White,male,Black,neutral,,,,intact,z,1073,False,False,
1,2,166,test,1,female,Black,female,White,angry,,,,rearranged,z,1715,True,False,
1,2,167,test,1,female,Asian,male,White,happy,,,,rearranged,z,1209,True,False,
1,2,168,test,1,male,Asian,female,Black,angry,,,,intact,z,1157,False,False,
1,2,169,test,1,female,Asian,male,Black,neutral,,,,rearranged,z,818,True,False,
1,2,170,test,1,male,Asian,male,Black,neutral,,,,intact,z,1367,False,False,
1,2,171,test,1,female,Black,female,White,angry,,,,intact,z,1664,False,False,
1,2,172,test,1,female,Latino,male,Black,happy,,,,intact,z,1328,False,False,
1,2,173,test,1,female,Asian,female,White,neutral,,,,intact,m,1152,True,False,
1,2,174,test,1,male,Latino,male,White,angry,,,,rearranged,z,1439,True,False,
1,2,175,test,1,male,Latino,male,Black,neutral,,,,rearranged,z,1791,True,False,
1,2,176,test,1,female,White,male,White,neutral,,,,intact,z,1351,False,False,
1,2,177,test,1,female,Black,male,Black,angry,,,,intact,z,1493,False,False,
1,2,178,test,1,male,Black,male,White,angry,,,,rearranged,z,1318,True,False,
1,2,179,test,1,male,Black,male,Black,happy,,,,intact,z,1191,False,False,
1,2,180,test,1,male,White,female,White,happy,,,,rearranged,z,1248,True,False,
2,2,1,study,0,male,White,female,Black,neutral,,,,,m,648,True,False,
2,2,2,study,0,male,Latino,female,White,neutral,,,,,z,1912,False,False,
2,2,3,study,0,male,White,female,White,angry,,,,,z,1455,False,False,
2,2,4,study,0,male,White,female,Black,angry,,,,,z,1929,False,False,
2,2,5,study,0,male,Black,female,Black,angry,,,,,z,2306,False,False,
2,2,6,study,0,male,Black,male,White,happy,,,,,m,1188,True,False,
2,2,7,study,0,female,Black,female,Black,angry,,,,,z,1045,True,False,
2,2,8,study,0,male,White,male,Black,neutral,,,,,z,1922,False,False,
2,2,9,study,0,female,White,female,Black,angry,,,,,z,1792,True,False,
2,2,10,study,0,female,Black,male,Black,neutral,,,,,z,2076,True,False,
2,2,11,study,0,female,White,female,White,angry,,,,,m,860,False,False,
2,2,12,study,0,female,Black,female,Black,neutral,,,,,z,1285,True,False,
2,2,13,study,0,female,White,female,Black,happy,,,,,z,1124,True,False,
2,2,14,study,0,female,White,female,Black,angry,,,,,z,1213,True,False,
2,2,15,study,0,female,Black,female,White,neutral,,,,,z,1304,True,False,
2,2,16,study,0,female,Asian,female,Black,happy,,,,,z,997,True,False,
2,2,17,study,0,female,White,female,Black,neutral,,,,,z,1097,True,False,
2,2,18,study,0,male,Latino,male,Black,angry,,,,,m,892,True,False,
2,2,19,study,0,male,Black,male,Black,angry,,,,,m,1311,True,False,
2,2,20,study,0,male,Latino,male,Black,neutral,,,,,m,951,True,False,
2,2,21,study,0,male,Latino,female,Black,neutral,,,,,z,1046,False,False,
2,2,22,study,0,male,White,female,Black,happy,,,,,m,1844,True,False,
2,2,23,study,0,female,Latino,male,White,neutral,,,,,m,1771,False,False,
2,2,24,study,0,female,Black,male,White,happy,,,,,m,1652,False,False,
2,2,25,study,0,female,Black,female,Black,happy,,,,,z,1315,True,False,
2,2,26,study,0,female,Asian,male,Black,neutral,,,,,m,1465,False,False,
2,2,27,study,0,female,Asian,male,White,angry,,,,,m,995,False,False,
2,2,28,study,0,female,White,female,Black,neutral,,,,,z,1358,True,False,
2,2,29,study,0,male,Black,male,White,neutral,,,,,m,1286,True,False,
2,2,30,study,0,female,Asian,female,White,angry,,,,,z,1101,True,False,
2,2,31,study,1,female,Latino,male,Black,happy,,,,,z,1110,True,False,
2,2,32,study,1,female,Black,female,Black,neutral,,,,,z,1145,True,False,
2,2,33,study,1,male,White,male,White,happy,,,,,m,1348,True,False,
2,2,34,study,1,male,Asian,male,White,happy,,,,,m,1334,True,False,
2,2,35,study,1,female,Black,male,White,neutral,,,,,m,1307,False,False,
2,2,36,study,1,female,Black,male,Black,happy,,,,,z,1266,True,False,
2,2,37,study,1,male,White,male,White,neutral,,,,,m,927,True,False,
2,2,38,study,1,male,Black,female,Black,angry,,,,,z,1340,False,False,
2,2,39,study,1,male,Black,male,White,happy,,,,,m,1410,True,False,
2,2,40,study,1,female,Asian,male,Black,angry,,,,,z,1682,True,False,
2,2,41,study,1,female,Black,male,Black,happy,,,,,m,1190,False,False,
2,2,42,study,1,female,Black,male,Black,happy,,,,,z,1487,True,False,
2,2,43,study,1,male,Asian,male,Black,neutral,,,,,m,1112,True,False,
2,2,44,study,1,male,Asian,female,White,happy,,,,,z,1059,False,False,
2,2,45,study,1,female,Latino,male,Black,angry,,,,,m,1562,False,False,
2,2,46,study,1,female,White,female,White,happy,,,,,m,1275,False,False,
2,2,47,study,1,female,White,male,White,neutral,,,,,m,1143,False,False,
2,2,48,study,1,female,Asian,male,Black,angry,,,,,m,852,False,False,
2,2,49,study,1,male,Black,male,White,angry,,,,,z,1205,False,False,
2,2,50,study,1,male,Black,female,White,happy,,,,,z,1128,False,False,
2,2,51,study,1,female,White,male,Black,angry,,,,,m,941,False,False,
2,2,52,study,1,female,White,female,White,happy,,,,,z,1195,True,False,
2,2,53,study,1,male,Latino,male,Black,angry,,,,,m,791,True,False,
2,2,54,study,1,male,Black,male,Black,angry,,,,,m,1048,True,False,
2,2,55,study,1,male,White,female,White,neutral,,,,,z,1552,False,False,
2,2,56,study,1,male,White,male,Black,happy,,,,,m,978,True,False,
2,2,57,study,1,male,White,female,White,neutral,,,,,z,902,False,False,
2,2,58,study,1,male,Black,female,Black,angry,,,,,m,1004,True,False,
2,2,59,study,1,male,White,female,Black,happy,,,,,z,1032,False,False,
2,2,60,study,1,male,Black,female,Black,happy,,,,,z,1376,False,False,
2,2,61,study,0,female,White,female,Black,angry,,,,,z,1186,True,False,
2,2,62,study,0,male,Black,female,Black,happy,,,,,m,1567,True,False,
2,2,63,study,0,female,Asian,male,Black,angry,,,,,z,973,True,False,
2,2,64,study,0,male,Latino,female,Black,neutral,,,,,m,1118,True,False,
2,2,65,study,0,female,Black,female,Black,happy,,,,,z,941,True,False,
2,2,66,study,0,male,Asian,female,White,happy,,,,,m,1226,True,False,
2,2,67,study,0,male,Black,male,White,happy,,,,,m,1008,True,False,
2,2,68,study,0,male,White,female,White,neutral,,,,,m,1556,True,False,
2,2,69,study,0,male,White,male,Black,happy,,,,,m,854,True,False,
2,2,70,study,0,female,Latino,male,Black,happy,,,,,z,817,True,False,
2,2,71,study,0,female,Asian,male,Black,angry,,,,,z,737,True,False,
2,2,72,study,0,female,Asian,male,White,angry,,,,,z,1023,True,False,
2,2,73,study,0,female,Black,male,Black,happy,,,,,z,835,True,False,
2,2,74,study,0,male,White,male,Black,neutral,,,,,z,885,False,False,
2,2,75,study,0,female,Latino,male,White,neutral,,,,,z,1216,True,False,
2,2,76,study,0,female,White,female,Black,happy,,,,,z,933,True,False,
2,2,77,study,0,male,Latino,male,Black,angry,,,,,m,1202,True,False,
2,2,78,study,0,female,White,female,White,happy,,,,,z,1051,True,False,
2,2,79,study,0,female,White,female,White,happy,,,,,m,1139,False,False,
2,2,80,study,0,male,Latino,male,Black,angry,,,,,m,837,True,False,
2,2,81,study,0,male,Black,female,Black,angry,,,,,m,771,True,False,
2,2,82,study,0,male,Black,female,White,happy,,,,,m,779,True,False,
2,2,83,study,0,male,White,male,White,happy,,,,,m,906,True,False,
2,2,84,study,0,male,Black,female,Black,angry,,,,,m,830,True,False,
2,2,85,study,0,male,Latino,female,White,neutral,,,,,m,1603,True,False,
2,2,86,study,0,female,Asian,female,White,angry,,,,,z,965,True,False,
2,2,87,study,0,male,Black,male,White,neutral,,,,,m,1256,True,False,
2,2,88,study,0,female,Asian,male,Black,neutral,,,,,z,990,True,False,
2,2,89,study,0,male,Black,male,Black,angry,,,,,m,787,True,False,
2,2,90,study,0,male,White,female,Black,happy,,,,,m,935,True,False,
2,2,91,study,1,male,Black,male,White,happy,,,,,m,830,True,False,
2,2,92,study,1,female,White,male,White,neutral,,,,,z,985,True,False,
2,2,93,study,1,male,White,male,White,neutral,,,,,m,724,True,False,
2,2,94,study,1,male,Latino,male,Black,neutral,,,,,m,769,True,False,
2,2,95,study,1,female,White,female,Black,neutral,,,,,z,845,True,False,
2,2,96,study,1,male,Asian,male,White,happy,,,,,m,805,True,False,
2,2,97,study,1,female,Black,female,Black,neutral,,,,,z,1060,True,False,
2,2,98,study,1,female,Black,female,Black,neutral,,,,,z,1565,True,False,
2,2,99,study,1,female,Black,male,Black,happy,,,,,m,1361,False,False,
2,2,100,study,1,female,White,male,Black,angry,,,,,z,832,True,False,
2,2,101,study,1,female,Black,male,White,neutral,,,,,m,1123,False,False,
2,2,102,study,1,female,Black,male,Black,happy,,,,,z,872,True,False,
2,2,103,study,1,female,White,female,Black,angry,,,,,z,1026,True,False,
2,2,104,study,1,male,White,female,Black,neutral,,,,,z,842,False,False,
2,2,105,study,1,female,Black,female,White,neutral,,,,,z,1400,True,False,
2,2,106,study,1,female,Black,female,Black,angry,,,,,z,831,True,False,
2,2,107,study,1,male,White,female,White,neutral,,,,,m,1083,True,False,
2,2,108,study,1,male,Black,male,Black,angry,,,,,m,602,True,False,
2,2,109,study,1,female,Black,male,Black,neutral,,,,,z,1063,True,False,
2,2,110,study,1,male,White,female,Black,happy,,,,,m,1005,True,False,
2,2,111,study,1,male,Asian,male,Black,neutral,,,,,m,1046,True,False,
2,2,112,study,1,male,Black,male,White,angry,,,,,m,703,True,False,
2,2,113,study,1,male,White,female,Black,angry,,,,,m,689,True,False,
2,2,114,study,1,female,White,female,White,angry,,,,,z,1660,True,False,
2,2,115,study,1,male,Black,female,Black,angry,,,,,m,1054,True,False,
2,2,116,study,1,male,White,female,White,angry,,,,,m,866,True,False,
2,2,117,study,1,female,White,female,Black,neutral,,,,,z,1061,True,False,
2,2,118,study,1,female,Latino,male,Black,angry,,,,,z,794,True,False,
2,2,119,study,1,female,Black,male,White,happy,,,,,z,959,True,False,
2,2,120,study,1,female,Asian,female,Black,happy,,,,,z,890,True,False,
2,2,121,test,0,male,Black,female,Black,angry,,,,intact,z,935,True,False,
2,2,122,test,0,female,Latino,male,Black,angry,,,,intact,z,541,True,False,
2,2,123,test,0,female,White,female,White,neutral,,,,rearranged,m,882,True,False,
2,2,124,test,0,female,White,female,Black,happy,,,,rearranged,m,858,True,False,
2,2,125,test,0,male,White,female,White,neutral,,,,intact,z,543,True,False,
2,2,126,test,0,female,White,female,Black,happy,,,,intact,m,470,False,False,
2,2,127,test,0,male,White,male,White,happy,,,,intact,z,452,True,False,
2,2,128,test,0,male,White,female,Black,angry,,,,rearranged,z,364,False,False,
2,2,129,test,0,female,Asian,female,White,angry,,,,rearranged,z,583,False,False,
2,2,130,test,0,female,Black,male,Black,happy,,,,rearranged,m,619,True,False,
2,2,131,test,0,female,Black,male,Black,neutral,,,,rearranged,z,684,False,False,
2,2,132,test,0,female,Asian,male,Black,angry,,,,rearranged,z,803,False,False,
2,2,133,test,0,female,White,female,Black,angry,,,,intact,z,367,True,False,
2,2,134,test,0,male,Black,male,Black,angry,,,,rearranged,z,711,False,False,
2,2,135,test,0,female,Black,female,White,happy,,,,rearranged,m,819,True,False,
2,2,136,test,0,male,White,female,White,neutral,,,,intact,z,632,True,False,
2,2,137,test,0,female,Black,female,Black,angry,,,,intact,z,514,True,False,
2,2,138,test,0,female,White,female,White,angry,,,,rearranged,m,1383,True,False,
2,2,139,test,0,male,White,male,Black,neutral,,,,intact,m,895,False,False,
2,2,140,test,0,male,Latino,male,Black,angry,,,,intact,z,1140,True,False,
2,2,141,test,0,male,Black,female,Black,angry,,,,intact,m,1110,False,False,
2,2,142,test,0,male,Black,female,White,angry,,,,rearranged,z,1069,False,False,
2,2,143,test,0,male,Black,male,Black,neutral,,,,rearranged,z,864,False,False,
2,2,144,test,0,male,White,female,Black,neutral,,,,rearranged,m,467,True,False,
2,2,145,test,0,female,Black,male,Black,happy,,,,rearranged,z,523,False,False,
2,2,146,test,0,male,Black,male,Black,angry,,,,intact,z,910,True,False,
2,2,147,test,0,female,Black,female,Black,neutral,,,,intact,m,513,False,False,
2,2,148,test,0,female,Asian,male,Black,angry,,,,rearranged,z,412,False,False,
2,2,149,test,0,male,Asian,female,Black,happy,,,,rearranged,m,446,True,False,
2,2,150,test,0,male,Latino,male,Black,angry,,,,rearranged,z,1108,False,False,
2,2,151,test,1,female,Black,male,Black,happy,,,,intact,z,511,True,False,
2,2,152,test,1,male,Black,female,Black,happy,,,,intact,z,483,True,False,
2,2,153,test,1,female,Black,male,White,neutral,,,,rearranged,m,305,True,False,
2,2,154,test,1,female,Black,female,Black,neutral,,,,rearranged,z,345,False,False,
2,2,155,test,1,female,White,female,Black,neutral,,,,intact,z,637,True,False,
2,2,156,test,1,female,White,female,White,happy,,,,intact,m,349,False,False,
2,2,157,test,1,female,Black,male,White,happy,,,,intact,z,588,True,False,
2,2,158,test,1,female,White,male,Black,angry,,,,rearranged,z,813,False,False,
2,2,159,test,1,female,Latino,male,Black,happy,,,,intact,m,536,False,False,
2,2,160,test,1,female,Asian,male,Black,neutral,,,,intact,z,1061,True,False,
2,2,161,test,1,female,Asian,female,Black,happy,,,,rearranged,z,421,False,False,
2,2,162,test,1,male,Latino,female,Black,neutral,,,,rearranged,m,648,True,False,
2,2,163,test,1,female,Asian,male,White,angry,,,,intact,z,1180,True,False,
2,2,164,test,1,male,White,male,White,happy,,,,rearranged,z,667,False,False,
2,2,165,test,1,female,Black,female,Black,neutral,,,,intact,m,424,False,False,
2,2,166,test,1,male,Latino,female,White,neutral,,,,intact,z,468,True,False,
2,2,167,test,1,male,White,female,Black,happy,,,,intact,z,808,True,False,
2,2,168,test,1,male,White,male,White,neutral,,,,rearranged,z,789,False,False,
2,2,169,test,1,female,White,female,Black,angry,,,,intact,m,549,False,False,
2,2,170,test,1,male,White,female,Black,angry,,,,intact,z,404,True,False,
2,2,171,test,1,male,Latino,male,Black,neutral,,,,intact,z,1022,True,False,
2,2,172,test,1,female,White,male,White,neutral,,,,intact,m,507,False,False,
2,2,173,test,1,male,Asian,male,White,happy,,,,intact,z,458,True,False,
2,2,174,test,1,male,Black,male,White,angry,,,,rearranged,z,889,False,False,
2,2,175,test,1,female,Latino,male,White,neutral,,,,rearranged,m,888,True,False,
2,2,176,test,1,male,White,female,White,happy,,,,rearranged,z,811,False,False,
2,2,177,test,1,male,Black,female,White,happy,,,,rearranged,z,722,False,False,
2,2,178,test,1,male,Black,male,White,happy,,,,intact,z,1004,True,False,
2,2,179,test,1,male,Asian,male,White,neutral,,,,rearranged,m,813,True,False,
2,2,180,test,1,male,Black,male,Black,happy,,,,rearranged,z,553,False,False,
3,2,1,study,0,female,Black,male,Black,happy,,,,,z,927,True,False,
3,2,2,study,0,male,Black,female,Black,angry,,,,,m,1036,True,False,
3,2,3,study,0,male,Asian,female,White,happy,,,,,m,778,True,False,
3,2,4,study,0,male,Black,male,Black,neutral,,,,,m,575,True,False,
3,2,5,study,0,female,Latino,male,White,angry,,,,,z,1199,True,False,
3,2,6,study,0,female,Latino,female,White,angry,,,,,z,1151,True,False,
3,2,7,study,0,female,Asian,female,Black,angry,,,,,z,1052,True,False,
3,2,8,study,0,male,Latino,male,White,angry,,,,,m,1360,True,False,
3,2,9,study,0,female,Asian,male,White,happy,,,,,z,1540,True,False,
3,2,10,study,0,male,Black,female,White,happy,,,,,m,1381,True,False,
3,2,11,study,0,female,White,female,White,happy,,,,,z,1146,True,False,
3,2,12,study,0,male,White,male,Black,angry,,,,,m,1036,True,False,
3,2,13,study,0,female,White,male,Black,neutral,,,,,z,1179,True,False,
3,2,14,study,0,male,Latino,male,White,angry,,,,,m,1235,True,False,
3,2,15,study,0,female,Black,female,Black,neutral,,,,,,,False,True,
3,2,16,study,0,male,Latino,male,White,happy,,,,,m,485,True,False,
3,2,17,study,0,male,White,female,White,neutral,,,,,m,529,True,False,
3,2,18,study,0,female,Black,male,Black,happy,,,,,z,1460,True,False,
3,2,19,study,0,male,Latino,female,Black,neutral,,,,,m,1859,True,False,
3,2,20,study,0,male,Black,female,White,happy,,,,,m,544,True,False,
3,2,21,study,0,female,Latino,female,White,neutral,,,,,z,1406,True,False,
3,2,22,study,0,female,Asian,male,White,neutral,,,,,z,988,True,False,
3,2,23,study,0,male,Asian,female,White,angry,,,,,m,1007,True,False,
3,2,24,study,0,female,Asian,female,White,neutral,,,,,z,1251,True,False,
3,2,25,study,0,male,Asian,male,White,neutral,,,,,m,1135,True,False,
3,2,26,study,0,female,Asian,male,White,happy,,,,,z,1100,True,False,
3,2,27,study,0,male,Black,female,Black,happy,,,,,m,1323,True,False,
3,2,28,study,0,male,White,female,White,happy,,,,,m,1504,True,False,
3,2,29,study,0,female,Black,male,White,neutral,,,,,z,1454,True,False,
3,2,30,study,0,female,White,male,White,neutral,,,,,z,2021,True,False,
3,2,31,study,1,female,White,female,Black,happy,,,,,z,475,True,False,
3,2,32,study,1,male,Black,male,White,happy,,,,,m,680,True,False,
3,2,33,study,1,female,Black,female,Black,happy,,,,,z,1710,True,False,
3,2,34,study,1,male,Black,female,White,neutral,,,,,m,1293,True,False,
3,2,35,study,1,male,White,female,Black,angry,,,,,m,2891,True,False,
3,2,36,study,1,female,Asian,male,White,angry,,,,,z,2489,True,False,
3,2,37,study,1,female,Latino,female,White,happy,,,,,z,1108,True,False,
3,2,38,study,1,male,Asian,female,White,angry,,,,,m,1613,True,False,
3,2,39,study,1,male,White,male,White,happy,,,,,m,1154,True,False,
3,2,40,study,1,male,Black,male,Black,angry,,,,,m,2207,True,False,
3,2,41,study,1,male,White,male,Black,neutral,,,,,m,1351,True,False,
3,2,42,study,1,male,White,female,Black,angry,,,,,m,2365,True,False,
3,2,43,study,1,male,Black,male,Black,angry,,,,,m,2800,True,False,
3,2,44,study,1,male,Asian,male,Black,neutral,,,,,,,False,True,
3,2,45,study,1,female,White,female,Black,angry,,,,,z,995,True,False,
3,2,46,study,1,female,Latino,female,Black,happy,,,,,z,1652,True,False,
3,2,47,study,1,female,Latino,female,Black,neutral,,,,,z,1651,True,False,
3,2,48,study,1,female,White,male,Black,angry,,,,,z,1589,True,False,
3,2,49,study,1,male,White,female,White,neutral,,,,,m,850,True,False,
3,2,50,study,1,female,White,female,White,angry,,,,,z,1047,True,False,
3,2,51,study,1,female,Asian,male,Black,neutral,,,,,z,1002,True,False,
3,2,52,study,1,female,Black,male,Black,angry,,,,,z,1183,True,False,
3,2,53,study,1,male,Latino,male,White,happy,,,,,m,1335,True,False,
3,2,54,study,1,male,Black,male,White,happy,,,,,m,1682,True,False,
3,2,55,study,1,female,Asian,female,Black,angry,,,,,z,1134,True,False,
3,2,56,study,1,female,Black,female,White,neutral,,,,,z,1077,True,False,
3,2,57,study,1,female,Asian,male,White,angry,,,,,z,1192,True,False,
3,2,58,study,1,female,Latino,male,White,happy,,,,,z,2027,True,False,
3,2,59,study,1,male,White,male,White,neutral,,,,,m,1707,True,False,
3,2,60,study,1,male,Asian,female,Black,neutral,,,,,m,981,True,False,
3,2,61,study,0,female,Asian,female,White,neutral,,,,,z,682,True,False,
3,2,62,study,0,male,White,male,White,happy,,,,,m,2203,True,False,
3,2,63,study,0,female,Black,male,Black,happy,,,,,z,1292,True,False,
3,2,64,study,0,male,Black,female,White,happy,,,,,z,510,False,False,
3,2,65,study,0,female,Latino,male,White,happy,,,,,z,1212,True,False,
3,2,66,study,0,female,Asian,male,White,neutral,,,,,z,1137,True,False,
3,2,67,study,0,male,Black,male,Black,angry,,,,,m,742,True,False,
3,2,68,study,0,female,White,female,White,happy,,,,,z,1095,True,False,
3,2,69,study,0,male,Black,female,White,happy,,,,,m,767,True,False,
3,2,70,study,0,female,White,female,White,angry,,,,,z,1203,True,False,
3,2,71,study,0,female,White,female,Black,happy,,,,,z,1334,True,False,
3,2,72,study,0,male,White,male,Black,angry,,,,,m,1439,True,False,
3,2,73,study,0,female,Asian,male,White,happy,,,,,z,1683,True,False,
3,2,74,study,0,male,White,female,Black,angry,,,,,m,1053,True,False,
3,2,75,study,0,female,Black,male,White,neutral,,,,,z,879,True,False,
3,2,76,study,0,male,Asian,female,White,angry,,,,,m,1010,True,False,
3,2,77,study,0,female,Latino,male,White,angry,,,,,z,754,True,False,
3,2,78,study,0,female,Latino,female,Black,neutral,,,,,z,1064,True,False,
3,2,79,study,0,male,Asian,male,Black,neutral,,,,,m,1063,True,False,
3,2,80,study,0,female,Asian,female,Black,angry,,,,,z,1046,True,False,
3,2,81,study,0,male,White,female,White,neutral,,,,,m,1143,True,False,
3,2,82,study,0,male,Latino,female,Black,neutral,,,,,m,933,True,False,
3,2,83,study,0,male,Black,male,Black,neutral,,,,,m,1127,True,False,
3,2,84,study,0,female,Black,female,Black,happy,,,,,z,1264,True,False,
3,2,85,study,0,male,Black,male,White,happy,,,,,m,811,True,False,
3,2,86,study,0,female,Asian,male,White,angry,,,,,z,996,True,False,
3,2,87,study,0,male,Asian,female,White,angry,,,,,m,888,True,False,
3,2,88,study,0,female,White,male,Black,angry,,,,,z,1225,True,False,
3,2,89,study,0,female,Asian,male,Black,neutral,,,,,z,1208,True,False,
3,2,90,study,0,female,Latino,female,Black,happy,,,,,z,1316,True,False,
3,2,91,study,1,male,Asian,female,Black,neutral,,,,,m,607,True,False,
3,2,92,study,1,male,Latino,male,White,angry,,,,,m,807,True,False,
3,2,93,study,1,female,Latino,female,White,neutral,,,,,z,1101,True,False,
3,2,94,study,1,female,White,female,Black,angry,,,,,z,1202,True,False,
3,2,95,study,1,male,Black,male,Black,angry,,,,,m,1137,True,False,
3,2,96,study,1,male,Black,female,White,neutral,,,,,m,705,True,False,
3,2,97,study,1,male,Asian,female,White,happy,,,,,m,777,True,False,
3,2,98,study,1,male,White,male,White,neutral,,,,,m,535,True,False,
3,2,99,study,1,male,Black,male,White,happy,,,,,m,661,True,False,
3,2,100,study,1,female,Black,male,Black,angry,,,,,z,1250,True,False,
3,2,101,study,1,male,Black,female,Black,angry,,,,,m,830,True,False,
3,2,102,study,1,female,Asian,female,Black,angry,,,,,z,1272,True,False,
3,2,103,study,1,male,White,female,White,happy,,,,,m,2083,True,False,
3,2,104,study,1,female,White,male,White,neutral,,,,,z,1155,True,False,
3,2,105,study,1,male,Latino,male,White,happy,,,,,m,1218,True,False,
3,2,106,study,1,female,Latino,female,White,happy,,,,,z,940,True,False,
3,2,107,study,1,female,Black,female,Black,neutral,,,,,z,961,True,False,
3,2,108,study,1,male,Black,female,Black,happy,,,,,m,921,True,False,
3,2,109,study,1,female,Asian,male,White,happy,,,,,z,1039,True,False,
3,2,110,study,1,male,Latino,male,White,happy,,,,,m,624,True,False,
3,2,111,study,1,female,Asian,male,White,angry,,,,,z,1018,True,False,
3,2,112,study,1,female,Black,male,Black,happy,,,,,z,1124,True,False,
3,2,113,study,1,male,White,female,Black,angry,,,,,m,956,True,False,
3,2,114,study,1,female,Black,female,White,neutral,,,,,z,1348,True,False,
3,2,115,study,1,male,White,female,White,neutral,,,,,m,995,True,False,
3,2,116,study,1,male,Latino,male,White,angry,,,,,m,889,True,False,
3,2,117,study,1,female,Latino,female,White,angry,,,,,z,1215,True,False,
3,2,118,study,1,male,Asian,male,White,neutral,,,,,m,1064,True,False,
3,2,119,study,1,male,White,male,Black,neutral,,,,,m,1017,True,False,
3,2,120,study,1,female,White,male,Black,neutral,,,,,z,974,True,False,
3,2,121,test,0,female,Asian,male,White,angry,,,,intact,z,678,False,False,
3,2,122,test,0,female,Latino,female,Black,happy,,,,rearranged,z,698,True,False,
3,2,123,test,0,female,White,male,Black,neutral,,,,rearranged,m,714,False,False,
3,2,124,test,0,male,White,female,White,happy,,,,rearranged,m,979,False,False,
3,2,125,test,0,male,White,male,Black,angry,,,,intact,m,1027,True,False,
3,2,126,test,0,female,White,female,White,happy,,,,intact,z,707,False,False,
3,2,127,test,0,female,Latino,female,Black,neutral,,,,intact,z,1138,False,False,
3,2,128,test,0,male,Asian,female,White,happy,,,,rearranged,m,1093,False,False,
3,2,129,test,0,male,Black,male,White,angry,,,,rearranged,z,1110,True,False,
3,2,130,test,0,male,Latino,male,White,angry,,,,intact,z,924,False,False,
3,2,131,test,0,female,Asian,male,White,neutral,,,,rearranged,m,1335,False,False,
3,2,132,test,0,female,Black,female,White,happy,,,,rearranged,m,264,False,False,
3,2,133,test,0,female,Black,male,Black,happy,,,,intact,m,619,True,False,
3,2,134,test,0,male,White,female,Black,angry,,,,intact,z,329,False,False,
3,2,135,test,0,female,Latino,female,Black,angry,,,,rearranged,z,1397,True,False,
3,2,136,test,0,male,Asian,male,Black,neutral,,,,rearranged,z,1147,True,False,
3,2,137,test,0,male,Black,female,Black,happy,,,,intact,z,1199,False,False,
3,2,138,test,0,male,Asian,male,White,neutral,,,,intact,z,1289,False,False,
3,2,139,test,0,female,Black,male,Black,angry,,,,rearranged,m,1180,False,False,
3,2,140,test,0,male,Asian,female,White,angry,,,,intact,z,1732,False,False,
3,2,141,test,0,female,Asian,female,Black,neutral,,,,rearranged,z,864,True,False,
3,2,142,test,0,female,White,female,Black,happy,,,,intact,z,1006,False,False,
3,2,143,test,0,male,Black,male,Black,neutral,,,,rearranged,m,1006,False,False,
3,2,144,test,0,male,White,male,White,neutral,,,,intact,m,1152,True,False,
3,2,145,test,0,female,Latino,male,White,happy,,,,rearranged,m,1711,False,False,
3,2,146,test,0,male,White,male,White,happy,,,,rearranged,m,1172,False,False,
3,2,147,test,0,male,Black,male,White,happy,,,,intact,z,1603,False,False,
3,2,148,test,0,female,White,male,White,angry,,,,rearranged,z,917,True,False,
3,2,149,test,0,male,Black,female,White,happy,,,,rearranged,m,957,False,False,
3,2,150,test,0,female,Black,female,White,neutral,,,,intact,z,866,False,False,
3,2,151,test,1,female,Asian,male,White,angry,,,,intact,m,659,True,False,
3,2,152,test,1,female,Asian,male,White,neutral,,,,rearranged,m,654,False,False,
3,2,153,test,1,male,Latino,male,White,happy,,,,intact,z,628,False,False,
3,2,154,test,1,male,White,female,White,angry,,,,rearranged,m,1023,False,False,
3,2,155,test,1,female,Latino,male,Black,angry,,,,rearranged,z,319,True,False,
3,2,156,test,1,male,Black,male,White,happy,,,,rearranged,m,485,False,False,
3,2,157,test,1,male,Asian,female,Black,neutral,,,,intact,m,536,True,False,
3,2,158,test,1,male,Latino,female,Black,neutral,,,,intact,z,760,False,False,
3,2,159,test,1,male,Black,male,Black,angry,,,,rearranged,m,463,False,False,
3,2,160,test,1,female,Black,female,White,neutral,,,,rearranged,m,1002,False,False,
3,2,161,test,1,male,Black,female,White,neutral,,,,rearranged,z,378,True,False,
3,2,162,test,1,female,White,male,Black,neutral,,,,intact,m,999,True,False,
3,2,163,test,1,female,White,female,Black,angry,,,,intact,z,1264,False,False,
3,2,164,test,1,female,Asian,female,Black,angry,,,,intact,z,1714,False,False,
3,2,165,test,1,male,Black,female,Black,angry,,,,intact,z,1259,False,False,
3,2,166,test,1,male,Black,female,White,happy,,,,intact,m,1233,True,False,
3,2,167,test,1,female,Latino,female,White,neutral,,,,intact,z,1535,False,False,
3,2,168,test,1,female,Black,male,Black,happy,,,,intact,z,1611,False,False,
3,2,169,test,1,male,Latino,male,Black,angry,,,,rearranged,m,1945,False,False,
3,2,170,test,1,male,White,female,White,neutral,,,,rearranged,z,1306,True,False,
3,2,171,test,1,male,Latino,male,White,happy,,,,intact,m,1424,True,False,
3,2,172,test,1,male,White,male,Black,neutral,,,,rearranged,m,721,False,False,
3,2,173,test,1,female,Black,male,White,neutral,,,,intact,m,628,True,False,
3,2,174,test,1,female,Asian,male,White,happy,,,,rearranged,z,364,True,False,
3,2,175,test,1,male,White,female,White,neutral,,,,intact,m,409,True,False,
3,2,176,test,1,female,White,female,White,angry,,,,intact,m,795,True,False,
3,2,177,test,1,female,Latino,female,Black,happy,,,,rearranged,z,426,True,False,
3,2,178,test,1,female,Asian,female,White,angry,,,,rearranged,z,1075,True,False,
3,2,179,test,1,female,Asian,male,White,happy,,,,intact,z,1194,False,False,
3,2,180,test,1,male,Asian,female,Black,angry,,,,rearranged,z,2066,True,False,
4,2,1,study,0,female,Latino,male,Black,angry,,,,,m,1505,False,False,
4,2,2,study,0,male,Asian,female,White,angry,,,,,z,869,False,False,
4,2,3,study,0,male,Asian,female,Black,angry,,,,,m,802,True,False,
4,2,4,study,0,female,Asian,male,Black,happy,,,,,m,1626,False,False,
4,2,5,study,0,male,White,female,Black,neutral,,,,,z,1868,False,False,
4,2,6,study,0,female,Black,male,Black,neutral,,,,,z,947,True,False,
4,2,7,study,0,male,Asian,female,White,happy,,,,,m,718,True,False,
4,2,8,study,0,male,Asian,female,White,happy,,,,,m,758,True,False,
4,2,9,study,0,male,Latino,female,Black,neutral,,,,,m,656,True,False,
4,2,10,study,0,female,Asian,female,White,happy,,,,,z,1052,True,False,
4,2,11,study,0,male,Black,male,Black,angry,,,,,m,946,True,False,
4,2,12,study,0,male,Black,male,Black,happy,,,,,m,738,True,False,
4,2,13,study,0,male,White,male,Black,angry,,,,,m,785,True,False,
4,2,14,study,0,male,Black,male,Black,neutral,,,,,m,531,True,False,
4,2,15,study,0,male,White,female,Black,neutral,,,,,m,790,True,False,
4,2,16,study,0,female,Asian,male,Black,happy,,,,,z,1050,True,False,
4,2,17,study,0,male,Asian,female,White,neutral,,,,,m,569,True,False,
4,2,18,study,0,male,Black,female,Black,neutral,,,,,m,736,True,False,
4,2,19,study,0,female,White,male,Black,happy,,,,,z,587,True,False,
4,2,20,study,0,female,White,female,Black,angry,,,,,z,962,True,False,
4,2,21,study,0,female,White,male,Black,neutral,,,,,z,1594,True,False,
4,2,22,study,0,male,Asian,male,White,angry,,,,,m,673,True,False,
4,2,23,study,0,female,Latino,female,Black,angry,,,,,z,626,True,False,
4,2,24,study,0,male,Latino,male,White,neutral,,,,,m,585,True,False,
4,2,25,study,0,male,White,male,Black,neutral,,,,,m,726,True,False,
4,2,26,study,0,male,Latino,female,White,happy,,,,,m,524,True,False,
4,2,27,study,0,female,White,male,White,happy,,,,,z,669,True,False,
4,2,28,study,0,male,Black,male,White,happy,,,,,m,721,True,False,
4,2,29,study,0,female,Black,male,White,happy,,,,,z,883,True,False,
4,2,30,study,0,female,White,male,Black,angry,,,,,z,604,True,False,
4,2,31,study,1,male,White,male,White,neutral,,,,,m,745,True,False,
4,2,32,study,1,male,Asian,female,Black,happy,,,,,m,876,True,False,
4,2,33,study,1,female,White,male,Black,neutral,,,,,z,705,True,False,
4,2,34,study,1,male,Latino,male,White,happy,,,,,m,615,True,False,
4,2,35,study,1,female,White,female,White,angry,,,,,z,741,True,False,
4,2,36,study,1,female,White,female,Black,neutral,,,,,z,831,True,False,
4,2,37,study,1,male,Black,male,Black,angry,,,,,m,749,True,False,
4,2,38,study,1,female,Black,male,White,neutral,,,,,z,1001,True,False,
4,2,39,study,1,male,White,male,White,neutral,,,,,m,632,True,False,
4,2,40,study,1,male,Latino,female,White,angry,,,,,m,548,True,False,
4,2,41,study,1,female,Latino,male,Black,angry,,,,,z,566,True,False,
4,2,42,study,1,female,Asian,female,Black,neutral,,,,,z,915,True,False,
4,2,43,study,1,male,Black,male,White,happy,,,,,m,749,True,False,
4,2,44,study,1,female,Asian,male,White,angry,,,,,z,1308,True,False,
4,2,45,study,1,female,Latino,male,White,angry,,,,,z,966,True,False,
4,2,46,study,1,female,White,female,Black,happy,,,,,z,1033,True,False,
4,2,47,study,1,female,Asian,male,Black,neutral,,,,,z,1078,True,False,
4,2,48,study,1,male,Latino,female,White,happy,,,,,m,1025,True,False,
4,2,49,study,1,male,Black,male,Black,happy,,,,,m,1224,True,False,
4,2,50,study,1,female,Latino,female,White,angry,,,,,z,1411,True,False,
4,2,51,study,1,male,Latino,male,Black,angry,,,,,m,895,True,False,
4,2,52,study,1,female,White,female,White,angry,,,,,z,589,True,False,
4,2,53,study,1,male,Asian,female,Black,angry,,,,,m,560,True,False,
4,2,54,study,1,male,Black,female,Black,angry,,,,,m,704,True,False,
4,2,55,study,1,female,Black,female,White,happy,,,,,z,1094,True,False,
4,2,56,study,1,female,Black,female,Black,neutral,,,,,z,1049,True,False,
4,2,57,study,1,female,White,female,White,happy,,,,,z,1316,True,False,
4,2,58,study,1,female,Latino,female,Black,happy,,,,,z,803,True,False,
4,2,59,study,1,female,White,female,Black,neutral,,,,,z,881,True,False,
4,2,60,study,1,female,Latino,female,Black,neutral,,,,,z,750,True,False,
4,2,61,study,0,male,White,male,Black,neutral,,,,,m,759,True,False,
4,2,62,study,0,male,Asian,female,White,neutral,,,,,m,662,True,False,
4,2,63,study,0,male,Asian,male,White,angry,,,,,m,672,True,False,
4,2,64,study,0,male,Latino,male,Black,angry,,,,,m,584,True,False,
4,2,65,study,0,female,Latino,male,White,angry,,,,,z,401,True,False,
4,2,66,study,0,female,White,male,Black,happy,,,,,z,703,True,False,
4,2,67,study,0,female,Black,female,White,happy,,,,,z,765,True,False,
4,2,68,study,0,male,Asian,female,White,angry,,,,,m,899,True,False,
4,2,69,study,0,male,Black,male,White,happy,,,,,m,623,True,False,
4,2,70,study,0,male,White,male,White,neutral,,,,,m,532,True,False,
4,2,71,study,0,male,White,female,Black,neutral,,,,,m,585,True,False,
4,2,72,study,0,male,White,male,Black,angry,,,,,m,748,True,False,
4,2,73,study,0,male,Latino,female,White,happy,,,,,m,575,True,False,
4,2,74,study,0,female,White,male,Black,angry,,,,,z,735,True,False,
4,2,75,study,0,female,White,female,White,angry,,,,,z,642,True,False,
4,2,76,study,0,female,Black,female,Black,neutral,,,,,z,794,True,False,
4,2,77,study,0,female,Asian,male,Black,happy,,,,,z,566,True,False,
4,2,78,study,0,male,Latino,female,Black,neutral,,,,,m,960,True,False,
4,2,79,study,0,female,Black,male,White,neutral,,,,,z,1534,True,False,
4,2,80,study,0,female,White,female,Black,angry,,,,,z,586,True,False,
4,2,81,study,0,male,Black,male,Black,happy,,,,,m,601,True,False,
4,2,82,study,0,male,White,male,White,neutral,,,,,m,605,True,False,
4,2,83,study,0,male,Black,female,Black,angry,,,,,m,651,True,False,
4,2,84,study,0,female,White,male,Black,neutral,,,,,z,769,True,False,
4,2,85,study,0,female,White,male,Black,neutral,,,,,z,1500,True,False,
4,2,86,study,0,male,Black,female,Black,neutral,,,,,m,654,True,False,
4,2,87,study,0,male,Black,male,White,happy,,,,,m,1723,True,False,
4,2,88,study,0,male,Black,male,Black,angry,,,,,m,1913,True,False,
4,2,89,study,0,male,Latino,male,White,neutral,,,,,m,845,True,False,
4,2,90,study,0,male,Latino,female,White,angry,,,,,m,2581,True,False,
4,2,91,study,1,female,Latino,female,White,angry,,,,,z,1098,True,False,
4,2,92,study,1,female,Latino,female,Black,angry,,,,,z,578,True,False,
4,2,93,study,1,female,Asian,male,Black,neutral,,,,,z,718,True,False,
4,2,94,study,1,female,Asian,female,White,happy,,,,,z,1103,True,False,
4,2,95,study,1,male,Asian,female,Black,happy,,,,,m,635,True,False,
4,2,96,study,1,male,Black,male,Black,neutral,,,,,m,720,True,False,
4,2,97,study,1,female,Asian,male,White,angry,,,,,z,722,True,False,
4,2,98,study,1,female,White,female,White,angry,,,,,z,712,True,False,
4,2,99,study,1,male,Asian,female,White,happy,,,,,m,630,True,False,
4,2,100,study,1,male,White,female,Black,neutral,,,,,m,817,True,False,
4,2,101,study,1,male,Latino,female,White,happy,,,,,m,820,True,False,
4,2,102,study,1,male,Asian,female,White,happy,,,,,m,476,True,False,
4,2,103,study,1,female,White,female,White,happy,,,,,z,759,True,False,
4,2,104,study,1,female,White,female,Black,neutral,,,,,z,808,True,False,
4,2,105,study,1,female,Latino,male,Black,angry,,,,,z,871,True,False,
4,2,106,study,1,male,Asian,female,Black,angry,,,,,m,866,True,False,
4,2,107,study,1,female,Black,male,Black,neutral,,,,,z,1175,True,False,
4,2,108,study,1,male,Asian,female,Black,angry,,,,,m,473,True,False,
4,2,109,study,1,male,Black,male,Black,angry,,,,,,,False,True,
4,2,110,study,1,female,White,male,White,happy,,,,,z,528,True,False,
4,2,111,study,1,female,Latino,male,Black,angry,,,,,z,719,True,False,
4,2,112,study,1,female,White,female,Black,happy,,,,,z,470,True,False,
4,2,113,study,1,female,Latino,female,Black,neutral,,,,,z,524,True,False,
4,2,114,study,1,female,White,female,Black,neutral,,,,,z,700,True,False,
4,2,115,study,1,female,Asian,female,Black,neutral,,,,,z,982,True,False,
4,2,116,study,1,female,Black,male,White,happy,,,,,z,1019,True,False,
4,2,117,study,1,female,Latino,female,Black,happy,,,,,z,915,True,False,
4,2,118,study,1,male,Black,male,Black,happy,,,,,m,1357,True,False,
4,2,119,study,1,female,Asian,male,Black,happy,,,,,z,1142,True,False,
4,2,120,study,1,male,Latino,male,White,happy,,,,,m,769,True,False,
4,2,121,test,0,male,Black,male,Black,happy,,,,rearranged,z,1555,False,False,
4,2,122,test,0,female,Latino,female,Black,neutral,,,,rearranged,z,1673,False,False,
4,2,123,test,0,female,Latino,female,White,happy,,,,rearranged,z,1984,False,False,
4,2,124,test,0,male,White,male,White,neutral,,,,rearranged,m,2236,True,False,
4,2,125,test,0,female,Latino,male,Black,angry,,,,rearranged,z,1408,False,False,
4,2,126,test,0,female,Black,male,White,neutral,,,,intact,m,1870,False,False,
4,2,127,test,0,male,Black,male,Black,angry,,,,intact,m,1959,False,False,
4,2,128,test,0,female,Asian,male,Black,happy,,,,intact,m,1505,False,False,
4,2,129,test,0,male,Asian,female,Black,happy,,,,intact,z,1573,True,False,
4,2,130,test,0,female,Black,female,Black,neutral,,,,intact,z,1867,True,False,
4,2,131,test,0,female,White,female,Black,happy,,,,rearranged,m,1648,True,False,
4,2,132,test,0,female,White,female,Black,neutral,,,,intact,z,1782,True,False,
4,2,133,test,0,female,Asian,male,White,angry,,,,intact,z,1443,True,False,
4,2,134,test,0,female,White,male,Black,angry,,,,rearranged,m,986,True,False,
4,2,135,test,0,male,Asian,female,Black,angry,,,,rearranged,m,1035,True,False,
4,2,136,test,0,male,Asian,female,White,neutral,,,,intact,m,1558,False,False,
4,2,137,test,0,female,White,male,Black,happy,,,,intact,z,1423,True,False,
4,2,138,test,0,female,Latino,male,Black,angry,,,,rearranged,m,778,True,False,
4,2,139,test,0,male,Black,male,White,angry,,,,rearranged,m,884,True,False,
4,2,140,test,0,male,White,male,White,neutral,,,,intact,z,1493,True,False,
4,2,141,test,0,male,Asian,male,Black,angry,,,,rearranged,m,981,True,False,
4,2,142,test,0,female,Asian,female,Black,neutral,,,,intact,m,1181,False,False,
4,2,143,test,0,female,White,male,Black,happy,,,,rearranged,m,867,True,False,
4,2,144,test,0,female,White,male,Black,neutral,,,,rearranged,z,1017,False,False,
4,2,145,test,0,male,Asian,female,Black,angry,,,,rearranged,m,1005,True,False,
4,2,146,test,0,female,White,female,White,angry,,,,rearranged,z,1366,False,False,
4,2,147,test,0,female,White,female,Black,angry,,,,intact,z,1632,True,False,
4,2,148,test,0,female,Black,female,White,happy,,,,intact,m,1204,False,False,
4,2,149,test,0,male,Black,male,White,neutral,,,,rearranged,m,1751,True,False,
4,2,150,test,0,male,Latino,female,White,happy,,,,rearranged,m,1347,True,False,
4,2,151,test,1,male,White,male,Black,neutral,,,,intact,z,1417,True,False,
4,2,152,test,1,male,Black,male,White,happy,,,,intact,z,1277,True,False,
4,2,153,test,1,female,White,female,White,happy,,,,intact,m,1030,False,False,
4,2,154,test,1,female,Black,male,Black,neutral,,,,rearranged,m,1005,True,False,
4,2,155,test,1,male,Black,female,Black,angry,,,,intact,m,1037,False,False,
4,2,156,test,1,male,Black,female,Black,neutral,,,,intact,z,1074,True,False,
4,2,157,test,1,female,Black,male,White,happy,,,,intact,m,1000,False,False,
4,2,158,test,1,male,Black,male,Black,happy,,,,rearranged,m,822,True,False,
4,2,159,test,1,female,Asian,female,Black,happy,,,,rearranged,z,1142,False,False,
4,2,160,test,1,male,Asian,female,White,happy,,,,rearranged,m,855,True,False,
4,2,161,test,1,female,Asian,male,White,happy,,,,rearranged,m,705,True,False,
4,2,162,test,1,male,Latino,female,White,happy,,,,intact,m,892,False,False,
4,2,163,test,1,male,Asian,female,White,angry,,,,intact,z,1083,True,False,
4,2,164,test,1,female,Latino,female,White,angry,,,,rearranged,m,1287,True,False,
4,2,165,test,1,male,Latino,female,Black,neutral,,,,intact,m,1861,False,False,
4,2,166,test,1,male,Latino,male,Black,neutral,,,,rearranged,m,1483,True,False,
4,2,167,test,1,male,Latino,male,Black,angry,,,,intact,m,1353,False,False,
4,2,168,test,1,female,Latino,female,Black,angry,,,,intact,m,1599,False,False,
4,2,169,test,1,female,Latino,male,White,angry,,,,intact,m,1246,False,False,
4,2,170,test,1,female,White,female,White,angry,,,,intact,z,1670,True,False,
4,2,171,test,1,female,Asian,male,Black,neutral,,,,rearranged,m,955,True,False,
4,2,172,test,1,female,White,female,Black,neutral,,,,rearranged,m,1115,True,False,
4,2,173,test,1,male,Latino,female,White,angry,,,,intact,z,1173,True,False,
4,2,174,test,1,male,Asian,female,White,happy,,,,rearranged,z,1296,False,False,
4,2,175,test,1,male,White,male,Black,angry,,,,rearranged,z,1044,False,False,
4,2,176,test,1,male,Latino,male,White,happy,,,,intact,z,1756,True,False,
4,2,177,test,1,male,White,female,Black,neutral,,,,rearranged,z,2016,False,False,
4,2,178,test,1,male,White,female,Black,neutral,,,,rearranged,z,1731,False,False,
4,2,179,test,1,female,White,male,Black,neutral,,,,intact,z,2311,True,False,
4,2,180,test,1,male,Black,male,White,happy,,,,intact,m,888,False,False,
5,2,1,study,0,male,Asian,male,Black,happy,,,,,m,535,True,False,
5,2,2,study,0,male,White,male,Black,angry,,,,,m,693,True,False,
5,2,3,study,0,male,White,male,White,neutral,,,,,m,730,True,False,
5,2,4,study,0,female,Black,female,Black,happy,,,,,z,880,True,False,
5,2,5,study,0,female,Asian,female,White,angry,,,,,z,827,True,False,
5,2,6,study,0,female,Asian,female,Black,angry,,,,,z,864,True,False,
5,2,7,study,0,female,White,female,Black,angry,,,,,z,558,True,False,
5,2,8,study,0,male,White,female,White,neutral,,,,,z,1126,False,False,
5,2,9,study,0,male,Latino,female,Black,angry,,,,,m,2285,True,False,
5,2,10,study,0,female,White,male,White,neutral,,,,,z,1840,True,False,
5,2,11,study,0,male,Black,male,Black,happy,,,,,m,988,True,False,
5,2,12,study,0,female,White,male,Black,happy,,,,,m,1901,False,False,
5,2,13,study,0,male,White,male,Black,angry,,,,,m,1834,True,False,
5,2,14,study,0,female,Asian,female,Black,happy,,,,,z,1572,True,False,
5,2,15,study,0,female,White,female,Black,neutral,,,,,z,1014,True,False,
5,2,16,study,0,male,Black,male,Black,neutral,,,,,m,882,True,False,
5,2,17,study,0,female,Latino,female,White,neutral,,,,,z,966,True,False,
5,2,18,study,0,male,White,male,White,angry,,,,,m,969,True,False,
5,2,19,study,0,male,White,female,White,neutral,,,,,z,2620,False,False,
5,2,20,study,0,male,White,male,White,happy,,,,,m,962,True,False,
5,2,21,study,0,male,White,male,White,angry,,,,,m,733,True,False,
5,2,22,study,0,female,Black,female,Black,angry,,,,,z,1176,True,False,
5,2,23,study,0,male,Asian,female,Black,neutral,,,,,,,False,True,
5,2,24,study,0,male,Black,male,Black,happy,,,,,m,659,True,False,
5,2,25,study,0,female,Black,male,Black,neutral,,,,,,,False,True,
5,2,26,study,0,male,White,female,Black,happy,,,,,,,False,True,
5,2,27,study,0,female,Black,female,White,happy,,,,,z,916,True,False,
5,2,28,study,0,male,Asian,female,Black,happy,,,,,,,False,True,
5,2,29,study,0,female,White,male,Black,neutral,,,,,,,False,True,
5,2,30,study,0,male,Latino,male,White,neutral,,,,,m,757,True,False,
5,2,31,study,1,female,White,male,Black,neutral,,,,,,,False,True,
5,2,32,study,1,male,White,male,White,happy,,,,,m,834,True,False,
5,2,33,study,1,female,White,male,Black,angry,,,,,,,False,True,
5,2,34,study,1,male,Black,female,Black,angry,,,,,,,False,True,
5,2,35,study,1,female,Black,female,White,angry,,,,,z,691,True,False,
5,2,36,study,1,female,Latino,male,White,angry,,,,,,,False,True,
5,2,37,study,1,female,Latino,male,Black,happy,,,,,,,False,True,
5,2,38,study,1,female,Black,female,Black,happy,,,,,z,1245,True,False,
5,2,39,study,1,male,Black,female,Black,angry,,,,,,,False,True,
5,2,40,study,1,male,Black,male,White,neutral,,,,,m,870,True,False,
5,2,41,study,1,male,White,female,White,angry,,,,,,,False,True,
5,2,42,study,1,male,Latino,female,White,happy,,,,,,,False,True,
5,2,43,study,1,female,White,male,White,angry,,,,,,,False,True,
5,2,44,study,1,female,White,male,Black,angry,,,,,,,False,True,
5,2,45,study,1,male,Black,male,Black,neutral,,,,,m,816,True,False,
5,2,46,study,1,female,Black,male,White,neutral,,,,,,,False,True,
5,2,47,study,1,male,White,female,White,neutral,,,,,,,False,True,
5,2,48,study,1,female,Asian,male,White,happy,,,,,,,False,True,
5,2,49,study,1,male,Asian,female,Black,neutral,,,,,,,False,True,
5,2,50,study,1,female,Latino,female,Black,neutral,,,,,z,871,True,False,
5,2,51,study,1,male,Asian,female,White,happy,,,,,,,False,True,
5,2,52,study,1,female,Asian,male,White,angry,,,,,,,False,True,
5,2,53,study,1,female,White,female,Black,neutral,,,,,z,856,True,False,
5,2,54,study,1,male,Latino,female,White,happy,,,,,,,False,True,
5,2,55,study,1,female,Black,male,Black,happy,,,,,,,False,True,
5,2,56,study,1,male,Black,female,White,angry,,,,,,,False,True,
5,2,57,study,1,female,Black,female,Black,happy,,,,,z,804,True,False,
5,2,58,study,1,male,Latino,male,Black,angry,,,,,m,799,True,False,
5,2,59,study,1,female,Black,male,Black,happy,,,,,m,1838,False,False,
5,2,60,study,1,female,Latino,female,Black,neutral,,,,,z,899,True,False,
5,2,61,study,0,male,White,female,White,neutral,,,,,,,False,True,
5,2,62,study,0,female,Latino,male,White,angry,,,,,,,False,True,
5,2,63,study,0,male,Black,male,Black,happy,,,,,m,620,True,False,
5,2,64,study,0,male,Latino,female,Black,angry,,,,,,,False,True,
5,2,65,study,0,female,White,male,Black,neutral,,,,,,,False,True,
5,2,66,study,0,male,Asian,female,White,happy,,,,,,,False,True,
5,2,67,study,0,male,Black,male,Black,happy,,,,,z,791,False,False,
5,2,68,study,0,female,Black,female,Black,happy,,,,,z,890,True,False,
5,2,69,study,0,female,White,male,Black,angry,,,,,,,False,True,
5,2,70,study,0,male,White,male,White,angry,,,,,m,762,True,False,
5,2,71,study,0,male,White,male,White,angry,,,,,m,901,True,False,
5,2,72,study,0,female,White,female,Black,neutral,,,,,z,769,True,False,
5,2,73,study,0,male,Latino,female,White,happy,,,,,,,False,True,
5,2,74,study,0,male,Black,female,Black,angry,,,,,,,False,True,
5,2,75,study,0,male,Asian,female,Black,neutral,,,,,,,False,True,
5,2,76,study,0,female,Black,female,White,happy,,,,,z,906,True,False,
5,2,77,study,0,male,White,female,Black,happy,,,,,z,1242,False,False,
5,2,78,study,0,male,Black,female,Black,angry,,,,,,,False,True,
5,2,79,study,0,female,Asian,male,White,happy,,,,,,,False,True,
5,2,80,study,0,female,Latino,male,Black,happy,,,,,,,False,True,
5,2,81,study,0,female,White,male,Black,angry,,,,,,,False,True,
5,2,82,study,0,female,Black,female,Black,happy,,,,,z,1096,True,False,
5,2,83,study,0,female,Black,female,Black,happy,,,,,z,802,True,False,
5,2,84,study,0,male,Asian,female,Black,happy,,,,,,,False,True,
5,2,85,study,0,female,Black,male,Black,neutral,,,,,,,False,True,
5,2,86,study,0,female,White,male,White,neutral,,,,,,,False,True,
5,2,87,study,0,male,White,male,White,neutral,,,,,m,1503,True,False,
5,2,88,study,0,male,White,male,Black,angry,,,,,m,2161,True,False,
5,2,89,study,0,female,Black,male,Black,happy,,,,,,,False,True,
5,2,90,study,0,female,Black,male,White,neutral,,,,,,,False,True,
5,2,91,study,1,female,White,female,Black,neutral,,,,,z,968,True,False,
5,2,92,study,1,female,White,female,Black,angry,,,,,z,1131,True,False,
5,2,93,study,1,male,Black,male,Black,neutral,,,,,m,786,True,False,
5,2,94,study,1,female,Asian,female,Black,angry,,,,,z,1213,True,False,
5,2,95,study,1,male,White,male,White,happy,,,,,m,758,True,False,
5,2,96,study,1,male,Latino,male,White,neutral,,,,,m,667,True,False,
5,2,97,study,1,female,Latino,female,Black,neutral,,,,,z,723,True,False,
5,2,98,study,1,male,Asian,male,Black,happy,,,,,m,726,True,False,
5,2,99,study,1,female,Asian,female,Black,happy,,,,,z,1360,True,False,
5,2,100,study,1,female,White,male,Black,happy,,,,,,,False,True,
5,2,101,study,1,female,White,male,Black,neutral,,,,,,,False,True,
5,2,102,study,1,male,White,female,White,neutral,,,,,,,False,True,
5,2,103,study,1,female,Black,female,Black,angry,,,,,z,798,True,False,
5,2,104,study,1,male,Latino,male,Black,angry,,,,,m,785,True,False,
5,2,105,study,1,male,Black,female,White,angry,,,,,,,False,True,
5,2,106,study,1,female,Latino,female,Black,neutral,,,,,z,716,True,False,
5,2,107,study,1,female,Latino,female,White,neutral,,,,,z,692,True,False,
5,2,108,study,1,male,Asian,female,Black,neutral,,,,,,,False,True,
5,2,109,study,1,female,Asian,male,White,angry,,,,,,,False,True,
5,2,110,study,1,male,Black,male,Black,neutral,,,,,m,764,True,False,
5,2,111,study,1,female,White,male,White,angry,,,,,,,False,True,
5,2,112,study,1,male,White,female,White,neutral,,,,,,,False,True,
5,2,113,study,1,female,Asian,female,White,angry,,,,,z,1106,True,False,
5,2,114,study,1,female,Black,male,Black,happy,,,,,,,False,True,
5,2,115,study,1,male,White,male,Black,angry,,,,,m,1451,True,False,
5,2,116,study,1,male,White,female,White,angry,,,,,,,False,True,
5,2,117,study,1,male,White,male,White,happy,,,,,m,667,True,False,
5,2,118,study,1,female,Black,female,White,angry,,,,,z,724,True,False,
5,2,119,study,1,male,Latino,female,White,happy,,,,,,,False,True,
5,2,120,study,1,male,Black,male,White,neutral,,,,,m,708,True,False,
5,2,121,test,0,female,White,female,Black,neutral,,,,rearranged,m,841,False,False,
5,2,122,test,0,male,Black,male,White,neutral,,,,rearranged,m,739,False,False,
5,2,123,test,0,male,Asian,male,Black,happy,,,,rearranged,m,675,False,False,
5,2,124,test,0,male,White,female,White,neutral,,,,rearranged,m,909,False,False,
5,2,125,test,0,female,Black,female,Black,happy,,,,rearranged,m,1061,False,False,
5,2,126,test,0,female,Latino,female,Black,neutral,,,,intact,m,842,True,False,
5,2,127,test,0,female,Latino,female,Black,neutral,,,,rearranged,m,878,False,False,
5,2,128,test,0,female,White,male,Black,neutral,,,,rearranged,z,884,True,False,
5,2,129,test,0,male,Asian,female,Black,happy,,,,rearranged,z,852,True,False,
5,2,130,test,0,male,White,male,White,angry,,,,rearranged,m,738,False,False,
5,2,131,test,0,female,Black,female,Black,happy,,,,rearranged,m,967,False,False,
5,2,132,test,0,male,White,female,White,happy,,,,rearranged,z,791,True,False,
5,2,133,test,0,female,Black,female,Black,happy,,,,intact,m,1122,True,False,
5,2,134,test,0,female,Asian,male,White,angry,,,,intact,m,719,True,False,
5,2,135,test,0,male,White,male,White,neutral,,,,intact,m,721,True,False,
5,2,136,test,0,female,Black,female,Black,angry,,,,intact,m,962,True,False,
5,2,137,test,0,male,White,male,Black,angry,,,,intact,z,764,False,False,
5,2,138,test,0,male,Black,female,Black,angry,,,,rearranged,z,1241,True,False,
5,2,139,test,0,male,Black,male,Black,happy,,,,rearranged,m,890,False,False,
5,2,140,test,0,male,White,male,White,happy,,,,intact,m,977,True,False,
5,2,141,test,0,female,Black,male,Black,happy,,,,intact,z,928,False,False,
5,2,142,test,0,male,White,male,White,angry,,,,rearranged,m,1470,False,False,
5,2,143,test,0,male,Black,male,Black,neutral,,,,rearranged,m,726,False,False,
5,2,144,test,0,female,White,male,White,angry,,,,intact,m,576,True,False,
5,2,145,test,0,male,Black,female,Black,angry,,,,intact,z,875,False,False,
5,2,146,test,0,female,White,male,White,neutral,,,,intact,z,1143,False,False,
5,2,147,test,0,female,Black,male,White,neutral,,,,rearranged,z,816,True,False,
5,2,148,test,0,male,Latino,female,White,happy,,,,intact,z,748,False,False,
5,2,149,test,0,female,Black,male,Black,happy,,,,rearranged,z,757,True,False,
5,2,150,test,0,female,Black,female,White,angry,,,,intact,m,960,True,False,
5,2,151,test,1,female,Black,female,Black,happy,,,,intact,m,849,True,False,
5,2,152,test,1,male,Black,male,Black,happy,,,,intact,m,864,True,False,
5,2,153,test,1,male,Asian,female,Black,neutral,,,,intact,z,766,False,False,
5,2,154,test,1,male,White,male,White,happy,,,,intact,m,723,True,False,
5,2,155,test,1,female,Latino,female,White,neutral,,,,intact,m,903,True,False,
5,2,156,test,1,female,White,male,Black,neutral,,,,intact,z,813,False,False,
5,2,157,test,1,male,Latino,male,White,neutral,,,,intact,m,1039,True,False,
5,2,158,test,1,male,White,male,Black,angry,,,,rearranged,m,825,False,False,
5,2,159,test,1,female,Latino,male,Black,happy,,,,intact,z,732,False,False,
5,2,160,test,1,male,Latino,female,Black,happy,,,,rearranged,z,914,True,False,
5,2,161,test,1,female,Asian,female,Black,angry,,,,rearranged,m,805,False,False,
5,2,162,test,1,male,White,female,White,angry,,,,intact,z,667,False,False,
5,2,163,test,1,female,White,male,Black,angry,,,,rearranged,z,682,True,False,
5,2,164,test,1,male,Latino,female,White,angry,,,,rearranged,z,767,True,False,
5,2,165,test,1,female,Black,male,Black,neutral,,,,rearranged,m,952,False,False,
5,2,166,test,1,male,Asian,female,Black,neutral,,,,intact,z,804,False,False,
5,2,167,test,1,female,White,male,White,angry,,,,rearranged,z,679,True,False,
5,2,168,test,1,female,Latino,male,Black,angry,,,,rearranged,z,635,True,False,
5,2,169,test,1,female,Asian,female,White,angry,,,,rearranged,m,1031,False,False,
5,2,170,test,1,female,Asian,male,White,happy,,,,intact,z,879,False,False,
5,2,171,test,1,male,Latino,male,Black,angry,,,,intact,m,1176,True,False,
5,2,172,test,1,female,White,male,Black,happy,,,,rearranged,z,794,True,False,
5,2,173,test,1,male,White,female,White,neutral,,,,intact,z,644,False,False,
5,2,174,test,1,male,Black,male,Black,neutral,,,,rearranged,m,826,False,False,
5,2,175,test,1,male,Black,female,Black,angry,,,,intact,m,1038,True,False,
5,2,176,test,1,female,Asian,female,White,happy,,,,rearranged,m,1023,False,False,
5,2,177,test,1,male,White,female,White,neutral,,,,rearranged,z,1097,True,False,
5,2,178,test,1,female,White,female,Black,neutral,,,,intact,m,991,True,False,
5,2,179,test,1,female,White,female,Black,angry,,,,intact,m,970,True,False,
5,2,180,test,1,male,Asian,female,White,happy,,,,intact,z,725,False,False,
6,2,1,study,0,female,Asian,female,Black,neutral,,,,,z,876,True,False,
6,2,2,study,0,female,Asian,male,Black,angry,,,,,m,1423,False,False,
6,2,3,study,0,male,Latino,male,Black,happy,,,,,m,1137,True,False,
6,2,4,study,0,female,Asian,male,White,angry,,,,,z,969,True,False,
6,2,5,study,0,male,Latino,male,Black,neutral,,,,,m,770,True,False,
6,2,6,study,0,male,Black,male,Black,neutral,,,,,m,794,True,False,
6,2,7,study,0,female,White,female,Black,happy,,,,,z,684,True,False,
6,2,8,study,0,male,Latino,male,Black,angry,,,,,m,584,True,False,
6,2,9,study,0,female,Black,female,Black,angry,,,,,m,507,False,False,
6,2,10,study,0,male,Asian,female,White,neutral,,,,,z,865,False,False,
6,2,11,study,0,female,White,female,Black,neutral,,,,,z,632,True,False,
6,2,12,study,0,male,White,male,White,angry,,,,,m,717,True,False,
6,2,13,study,0,female,Black,male,White,happy,,,,,z,617,True,False,
6,2,14,study,0,female,White,female,Black,angry,,,,,z,767,True,False,
6,2,15,study,0,male,White,female,Black,neutral,,,,,m,572,True,False,
6,2,16,study,0,female,Black,male,Black,angry,,,,,z,564,True,False,
6,2,17,study,0,female,Black,male,Black,happy,,,,,z,656,True,False,
6,2,18,study,0,male,Asian,female,White,happy,,,,,m,775,True,False,
6,2,19,study,0,male,Asian,male,Black,neutral,,,,,m,628,True,False,
6,2,20,study,0,male,White,female,White,neutral,,,,,m,578,True,False,
6,2,21,study,0,male,White,female,White,happy,,,,,m,731,True,False,
6,2,22,study,0,male,White,male,White,angry,,,,,m,581,True,False,
6,2,23,study,0,female,Asian,male,White,neutral,,,,,m,1250,False,False,
6,2,24,study,0,male,White,male,Black,happy,,,,,m,716,True,False,
6,2,25,study,0,male,Black,male,Black,neutral,,,,,m,639,True,False,
6,2,26,study,0,male,Black,female,White,angry,,,,,m,567,True,False,
6,2,27,study,0,female,Latino,female,Black,happy,,,,,m,1195,False,False,
6,2,28,study,0,female,White,female,Black,happy,,,,,z,490,True,False,
6,2,29,study,0,male,Black,male,Black,neutral,,,,,m,687,True,False,
6,2,30,study,0,male,Black,male,Black,happy,,,,,m,693,True,False,
6,2,31,study,1,female,Asian,female,White,angry,,,,,z,717,True,False,
6,2,32,study,1,female,Black,male,White,happy,,,,,z,730,True,False,
6,2,33,study,1,male,Latino,female,Black,angry,,,,,m,687,True,False,
6,2,34,study,1,male,Black,male,Black,angry,,,,,m,562,True,False,
6,2,35,study,1,male,Black,female,Black,angry,,,,,z,582,False,False,
6,2,36,study,1,female,White,female,Black,angry,,,,,z,665,True,False,
6,2,37,study,1,male,Latino,male,White,angry,,,,,m,618,True,False,
6,2,38,study,1,male,Asian,male,Black,happy,,,,,m,768,True,False,
6,2,39,study,1,male,Black,female,Black,angry,,,,,m,584,True,False,
6,2,40,study,1,female,White,male,Black,neutral,,,,,z,794,True,False,
6,2,41,study,1,female,Black,male,White,angry,,,,,m,522,False,False,
6,2,42,study,1,male,Black,female,White,happy,,,,,z,814,False,False,
6,2,43,study,1,female,Asian,male,Black,neutral,,,,,z,789,True,False,
6,2,44,study,1,male,White,male,Black,happy,,,,,m,594,True,False,
6,2,45,study,1,female,Latino,male,Black,happy,,,,,m,936,False,False,
6,2,46,study,1,male,Asian,female,Black,neutral,,,,,m,629,True,False,
6,2,47,study,1,female,Asian,female,Black,neutral,,,,,z,585,True,False,
6,2,48,study,1,male,White,female,White,happy,,,,,m,848,True,False,
6,2,49,study,1,female,Black,female,Black,happy,,,,,z,716,True,False,
6,2,50,study,1,male,White,female,Black,happy,,,,,m,691,True,False,
6,2,51,study,1,female,Asian,male,Black,neutral,,,,,m,774,False,False,
6,2,52,study,1,female,Asian,male,Black,angry,,,,,z,668,True,False,
6,2,53,study,1,female,Latino,male,White,happy,,,,,z,620,True,False,
6,2,54,study,1,male,Asian,female,White,neutral,,,,,m,1009,True,False,
6,2,55,study,1,male,Asian,female,Black,angry,,,,,m,656,True,False,
6,2,56,study,1,female,White,female,Black,neutral,,,,,z,587,True,False,
6,2,57,study,1,female,Black,female,Black,angry,,,,,z,654,True,False,
6,2,58,study,1,female,Black,female,Black,neutral,,,,,z,668,True,False,
6,2,59,study,1,female,White,female,Black,happy,,,,,z,705,True,False,
6,2,60,study,1,female,White,male,Black,neutral,,,,,z,515,True,False,
6,2,61,study,0,female,Black,male,Black,angry,,,,,z,519,True,False,
6,2,62,study,0,female,Black,male,White,angry,,,,,z,537,True,False,
6,2,63,study,0,female,Asian,male,Black,neutral,,,,,z,643,True,False,
6,2,64,study,0,female,White,female,Black,happy,,,,,z,462,True,False,
6,2,65,study,0,female,Black,female,Black,neutral,,,,,z,455,True,False,
6,2,66,study,0,male,Black,male,Black,angry,,,,,m,573,True,False,
6,2,67,study,0,female,Asian,male,White,angry,,,,,m,673,False,False,
6,2,68,study,0,female,Black,female,Black,angry,,,,,z,562,True,False,
6,2,69,study,0,male,Black,male,Black,neutral,,,,,m,580,True,False,
6,2,70,study,0,male,White,male,Black,happy,,,,,m,601,True,False,
6,2,71,study,0,female,Black,male,White,happy,,,,,z,672,True,False,
6,2,72,study,0,male,White,male,White,angry,,,,,m,735,True,False,
6,2,73,study,0,male,Latino,male,White,angry,,,,,m,658,True,False,
6,2,74,study,0,male,Latino,male,Black,happy,,,,,z,723,False,False,
6,2,75,study,0,female,Asian,male,Black,angry,,,,,z,780,True,False,
6,2,76,study,0,female,White,female,Black,neutral,,,,,z,527,True,False,
6,2,77,study,0,male,White,female,Black,happy,,,,,m,926,True,False,
6,2,78,study,0,female,White,male,Black,neutral,,,,,z,541,True,False,
6,2,79,study,0,female,Black,female,Black,happy,,,,,z,575,True,False,
6,2,80,study,0,male,Latino,female,Black,angry,,,,,m,745,True,False,
6,2,81,study,0,female,Black,male,White,happy,,,,,z,586,True,False,
6,2,82,study,0,male,Black,female,White,angry,,,,,m,770,True,False,
6,2,83,study,0,female,Asian,male,Black,angry,,,,,z,978,True,False,
6,2,84,study,0,male,Latino,male,Black,angry,,,,,m,882,True,False,
6,2,85,study,0,male,White,female,White,happy,,,,,m,1469,True,False,
6,2,86,study,0,female,Black,female,Black,angry,,,,,z,1619,True,False,
6,2,87,study,0,male,Asian,male,Black,neutral,,,,,m,1922,True,False,
6,2,88,study,0,female,Black,male,Black,happy,,,,,z,1190,True,False,
6,2,89,study,0,female,Asian,female,Black,neutral,,,,,z,915,True,False,
6,2,90,study,0,male,Black,male,Black,happy,,,,,m,547,True,False,
6,2,91,study,1,female,Latino,male,Black,happy,,,,,z,618,True,False,
6,2,92,study,1,female,Asian,female,White,angry,,,,,z,536,True,False,
6,2,93,study,1,female,White,female,Black,angry,,,,,,,False,True,
6,2,94,study,1,male,White,male,White,angry,,,,,m,598,True,False,
6,2,95,study,1,male,Black,male,Black,neutral,,,,,m,639,True,False,
6,2,96,study,1,male,Asian,female,White,happy,,,,,m,579,True,False,
6,2,97,study,1,male,Asian,female,Black,angry,,,,,m,516,True,False,
6,2,98,study,1,male,Asian,female,Black,neutral,,,,,m,496,True,False,
6,2,99,study,1,male,Black,female,Black,angry,,,,,m,544,True,False,
6,2,100,study,1,female,Latino,male,White,happy,,,,,z,585,True,False,
6,2,101,study,1,male,Black,male,Black,neutral,,,,,m,665,True,False,
6,2,102,study,1,male,White,female,Black,neutral,,,,,z,754,False,False,
6,2,103,study,1,female,Asian,male,Black,neutral,,,,,z,980,True,False,
6,2,104,study,1,male,Black,female,Black,angry,,,,,m,623,True,False,
6,2,105,study,1,male,Asian,female,White,neutral,,,,,m,599,True,False,
6,2,106,study,1,male,White,male,Black,happy,,,,,m,507,True,False,
6,2,107,study,1,male,Asian,male,Black,happy,,,,,m,577,True,False,
6,2,108,study,1,female,Asian,male,White,neutral,,,,,z,1722,True,False,
6,2,109,study,1,female,White,female,Black,angry,,,,,z,701,True,False,
6,2,110,study,1,female,Latino,female,Black,happy,,,,,z,640,True,False,
6,2,111,study,1,female,White,female,Black,neutral,,,,,z,1400,True,False,
6,2,112,study,1,male,Black,female,White,happy,,,,,m,1248,True,False,
6,2,113,study,1,female,White,female,Black,happy,,,,,z,1032,True,False,
6,2,114,study,1,male,Asian,female,White,neutral,,,,,m,1083,True,False,
6,2,115,study,1,female,White,female,Black,happy,,,,,z,1006,True,False,
6,2,116,study,1,male,Latino,male,Black,neutral,,,,,m,1137,True,False,
6,2,117,study,1,female,Asian,female,Black,neutral,,,,,z,1123,True,False,
6,2,118,study,1,male,White,female,White,neutral,,,,,m,1061,True,False,
6,2,119,study,1,male,White,female,White,happy,,,,,m,1054,True,False,
6,2,120,study,1,female,White,male,Black,neutral,,,,,z,988,True,False,
6,2,121,test,0,male,Black,female,Black,angry,,,,rearranged,m,1024,True,False,
6,2,122,test,0,male,Asian,female,White,neutral,,,,intact,m,745,False,False,
6,2,123,test,0,male,White,male,Black,angry,,,,rearranged,z,531,False,False,
6,2,124,test,0,male,White,female,White,neutral,,,,intact,z,607,True,False,
6,2,125,test,0,male,Black,male,Black,neutral,,,,rearranged,z,658,False,False,
6,2,126,test,0,male,White,female,White,happy,,,,rearranged,m,1163,True,False,
6,2,127,test,0,female,Asian,male,Black,angry,,,,intact,m,1161,False,False,
6,2,128,test,0,male,White,female,Black,neutral,,,,rearranged,z,1052,False,False,
6,2,129,test,0,male,Black,male,Black,neutral,,,,intact,z,455,True,False,
6,2,130,test,0,female,Black,female,Black,neutral,,,,rearranged,m,842,True,False,
6,2,131,test,0,male,Latino,male,White,angry,,,,intact,m,1152,False,False,
6,2,132,test,0,female,Asian,male,Black,neutral,,,,rearranged,z,714,False,False,
6,2,133,test,0,female,Asian,male,White,neutral,,,,intact,m,955,False,False,
6,2,134,test,0,female,Black,female,Black,angry,,,,rearranged,z,1230,False,False,
6,2,135,test,0,female,Latino,male,White,happy,,,,intact,z,342,True,False,
6,2,136,test,0,female,White,female,Black,angry,,,,rearranged,z,513,False,False,
6,2,137,test,0,male,White,female,White,happy,,,,intact,z,379,True,False,
6,2,138,test,0,male,White,female,Black,happy,,,,rearranged,m,348,True,False,
6,2,139,test,0,female,Asian,female,White,angry,,,,intact,m,619,False,False,
6,2,140,test,0,female,White,female,Black,happy,,,,intact,z,351,True,False,
6,2,141,test,0,female,Asian,male,Black,angry,,,,rearranged,z,462,False,False,
6,2,142,test,0,male,White,male,Black,happy,,,,intact,z,373,True,False,
6,2,143,test,0,male,Black,male,Black,happy,,,,intact,m,309,False,False,
6,2,144,test,0,female,White,female,Black,angry,,,,intact,z,287,True,False,
6,2,145,test,0,female,Black,male,White,happy,,,,intact,z,632,True,False,
6,2,146,test,0,male,Black,female,Black,angry,,,,intact,z,374,True,False,
6,2,147,test,0,female,Black,female,Black,angry,,,,intact,m,259,False,False,
6,2,148,test,0,female,Black,male,Black,happy,,,,rearranged,z,586,False,False,
6,2,149,test,0,male,Black,male,Black,angry,,,,rearranged,z,379,False,False,
6,2,150,test,0,male,Latino,male,Black,neutral,,,,rearranged,m,827,True,False,
6,2,151,test,1,male,Black,female,White,angry,,,,intact,z,348,True,False,
6,2,152,test,1,female,White,female,Black,neutral,,,,intact,m,968,False,False,
6,2,153,test,1,male,Asian,female,White,neutral,,,,intact,z,473,True,False,
6,2,154,test,1,male,Asian,male,Black,neutral,,,,intact,z,295,True,False,
6,2,155,test,1,female,Latino,male,Black,happy,,,,rearranged,z,511,False,False,
6,2,156,test,1,male,Black,female,White,happy,,,,rearranged,m,577,True,False,
6,2,157,test,1,male,Asian,female,White,happy,,,,intact,m,487,False,False,
6,2,158,test,1,female,Asian,male,Black,neutral,,,,rearranged,z,286,False,False,
6,2,159,test,1,male,Asian,female,Black,neutral,,,,rearranged,z,329,False,False,
6,2,160,test,1,female,Black,male,Black,angry,,,,rearranged,z,574,False,False,
6,2,161,test,1,male,Black,male,Black,neutral,,,,rearranged,m,1127,True,False,
6,2,162,test,1,male,Latino,male,Black,happy,,,,intact,z,510,True,False,
6,2,163,test,1,female,Asian,male,White,angry,,,,rearranged,m,281,True,False,
6,2,164,test,1,female,White,male,Black,neutral,,,,intact,z,286,True,False,
6,2,165,test,1,male,Asian,male,Black,happy,,,,rearranged,m,1087,True,False,
6,2,166,test,1,female,Latino,female,Black,happy,,,,rearranged,z,604,False,False,
6,2,167,test,1,male,White,male,Black,happy,,,,rearranged,z,327,False,False,
6,2,168,test,1,female,White,female,Black,happy,,,,rearranged,z,400,False,False,
6,2,169,test,1,female,Black,male,White,angry,,,,intact,m,143,False,False,
6,2,170,test,1,female,Black,female,Black,happy,,,,rearranged,z,425,False,False,
6,2,171,test,1,male,Latino,female,Black,angry,,,,rearranged,m,389,True,False,
6,2,172,test,1,female,White,male,Black,neutral,,,,rearranged,m,381,True,False,
6,2,173,test,1,female,Asian,female,Black,neutral,,,,intact,z,328,True,False,
6,2,174,test,1,male,Latino,male,White,angry,,,,rearranged,z,441,False,False,
6,2,175,test,1,female,White,female,Black,neutral,,,,intact,m,340,False,False,
6,2,176,test,1,female,Black,male,White,happy,,,,intact,m,458,False,False,
6,2,177,test,1,male,White,male,White,angry,,,,intact,z,325,True,False,
6,2,178,test,1,female,White,female,Black,happy,,,,intact,z,309,True,False,
6,2,179,test,1,male,Asian,female,Black,angry,,,,intact,z,406,True,False,
6,2,180,test,1,female,Asian,female,Black,neutral,,,,rearranged,m,453,True,False,
7,1,1,study,0,female,Asian,female,Black,angry,,,,,z,2165,True,False,
7,1,2,study,0,male,White,male,White,happy,,,,,m,676,True,False,
7,1,3,study,0,female,White,male,Black,neutral,,,,,z,805,True,False,
7,1,4,study,0,female,Latino,male,White,neutral,,,,,z,1176,True,False,
7,1,5,study,0,female,White,female,Black,happy,,,,,z,1876,True,False,
7,1,6,study,0,male,Asian,female,Black,neutral,,,,,m,921,True,False,
7,1,7,study,0,female,Latino,male,White,neutral,,,,,z,2549,True,False,
7,1,8,study,0,female,Black,female,White,angry,,,,,z,1941,True,False,
7,1,9,study,0,male,White,male,Black,angry,,,,,m,969,True,False,
7,1,10,study,0,male,White,female,White,angry,,,,,m,2367,True,False,
7,1,11,study,0,male,Asian,male,White,neutral,,,,,m,1666,True,False,
7,1,12,study,0,male,White,female,White,angry,,,,,m,1397,True,False,
7,1,13,study,0,male,Latino,female,Black,happy,,,,,m,902,True,False,
7,1,14,study,0,female,Black,female,Black,happy,,,,,z,2097,True,False,
7,1,15,study,0,female,Black,female,White,happy,,,,,z,1607,True,False,
7,1,16,study,0,female,Latino,female,White,happy,,,,,z,1583,True,False,
7,1,17,study,0,male,Asian,female,Black,angry,,,,,z,2244,False,False,
7,1,18,study,0,male,White,female,Black,happy,,,,,m,1764,True,False,
7,1,19,study,0,female,Asian,female,Black,angry,,,,,z,1098,True,False,
7,1,20,study,0,male,White,male,Black,angry,,,,,m,1279,True,False,
7,1,21,study,0,male,Latino,male,Black,angry,,,,,m,1029,True,False,
7,1,22,study,0,female,Latino,male,White,angry,,,,,z,2070,True,False,
7,1,23,study,0,male,White,male,White,happy,,,,,m,1391,True,False,
7,1,24,study,0,male,Black,female,Black,happy,,,,,,,False,True,
7,1,25,study,0,male,Latino,male,White,neutral,,,,,m,1098,True,False,
7,1,26,study,0,female,Black,male,Black,angry,,,,,z,1202,True,False,
7,1,27,study,0,female,Black,female,Black,neutral,,,,,z,915,True,False,
7,1,28,study,0,female,Black,female,Black,neutral,,,,,z,1204,True,False,
7,1,29,study,0,male,White,male,White,angry,,,,,m,1094,True,False,
7,1,30,study,0,female,White,male,Black,happy,,,,,z,1914,True,False,
7,1,31,study,1,female,White,female,White,angry,,,,,z,1069,True,False,
7,1,32,study,1,female,Latino,male,Black,angry,,,,,z,1618,True,False,
7,1,33,study,1,male,Asian,male,White,happy,,,,,m,2248,True,False,
7,1,34,study,1,female,Latino,male,White,angry,,,,,z,2060,True,False,
7,1,35,study,1,male,White,male,Black,happy,,,,,m,1194,True,False,
7,1,36,study,1,female,Asian,male,White,happy,,,,,z,1485,True,False,
7,1,37,study,1,male,Black,female,Black,happy,,,,,m,1366,True,False,
7,1,38,study,1,male,White,female,Black,neutral,,,,,m,1187,True,False,
7,1,39,study,1,male,White,female,Black,happy,,,,,m,999,True,False,
7,1,40,study,1,female,White,male,Black,happy,,,,,z,858,True,False,
7,1,41,study,1,female,Latino,male,Black,neutral,,,,,z,1030,True,False,
7,1,42,study,1,female,White,female,Black,neutral,,,,,z,1683,True,False,
7,1,43,study,1,male,Black,male,Black,angry,,,,,m,891,True,False,
7,1,44,study,1,female,Black,male,Black,happy,,,,,z,1549,True,False,
7,1,45,study,1,male,Black,female,White,neutral,,,,,m,792,True,False,
7,1,46,study,1,female,Black,female,White,angry,,,,,z,1387,True,False,
7,1,47,study,1,male,Asian,female,Black,neutral,,,,,m,831,True,False,
7,1,48,study,1,male,Latino,male,Black,neutral,,,,,m,1876,True,False,
7,1,49,study,1,female,Asian,male,Black,angry,,,,,z,2809,True,False,
7,1,50,study,1,female,Latino,female,White,happy,,,,,z,2613,True,False,
7,1,51,study,1,male,Black,female,Black,neutral,,,,,m,1224,True,False,
7,1,52,study,1,male,Asian,female,Black,angry,,,,,m,2752,True,False,
7,1,53,study,1,female,White,female,White,neutral,,,,,z,1332,True,False,
7,1,54,study,1,male,Latino,male,White,neutral,,,,,m,1224,True,False,
7,1,55,study,1,female,Asian,male,White,happy,,,,,z,1031,True,False,
7,1,56,study,1,female,Latino,female,White,neutral,,,,,z,2184,True,False,
7,1,57,study,1,male,White,male,White,happy,,,,,m,1031,True,False,
7,1,58,study,1,female,Asian,male,White,neutral,,,,,z,1033,True,False,
7,1,59,study,1,male,Black,male,Black,neutral,,,,,m,906,True,False,
7,1,60,study,1,male,Asian,female,White,angry,,,,,m,1808,True,False,
7,1,61,test,0,female,Asian,,,,old,happy,male,,m,1386,True,False,
7,1,62,test,0,male,Black,,,,new,,,,z,1395,True,False,
7,1,63,test,0,female,Black,,,,old,happy,male,,m,1364,True,False,
7,1,64,test,0,male,Black,,,,new,,,,m,1208,False,False,
7,1,65,test,0,male,Black,,,,old,neutral,female,,m,1712,True,False,
7,1,66,test,0,male,Black,,,,new,,,,z,851,True,False,
7,1,67,test,0,female,Latino,,,,new,,,,m,1229,False,False,
7,1,68,test,0,male,Asian,,,,old,neutral,female,,z,1735,False,False,
7,1,69,test,0,female,Asian,,,,old,angry,male,,m,1436,True,False,
7,1,70,test,0,male,White,,,,old,angry,male,,m,946,True,False,
7,1,71,test,0,male,White,,,,old,angry,male,,m,1409,True,False,
7,1,72,test,0,male,Latino,,,,old,angry,male,,z,1137,False,False,
7,1,73,test,0,female,Latino,,,,new,,,,z,1666,True,False,
7,1,74,test,0,female,Latino,,,,old,neutral,male,,z,1759,False,False,
7,1,75,test,0,female,Latino,,,,old,happy,female,,m,1363,True,False,
7,1,76,test,0,male,Asian,,,,old,angry,female,,m,1511,True,False,
7,1,77,test,0,female,Asian,,,,new,,,,z,905,True,False,
7,1,78,test,0,male,Asian,,,,new,,,,m,967,False,False,
7,1,79,test,0,male,Asian,,,,new,,,,z,1315,True,False,
7,1,80,test,0,male,White,,,,old,happy,female,,z,1602,False,False,
7,1,81,test,0,female,White,,,,old,happy,male,,m,1054,True,False,
7,1,82,test,0,female,Asian,,,,new,,,,m,810,False,False,
7,1,83,test,0,male,White,,,,new,,,,z,964,True,False,
7,1,84,test,0,female,Asian,,,,old,angry,female,,m,1535,True,False,
7,1,85,test,0,male,White,,,,new,,,,z,1061,True,False,
7,1,86,test,0,female,Latino,,,,new,,,,m,742,False,False,
7,1,87,test,0,female,Asian,,,,new,,,,m,1498,False,False,
7,1,88,test,0,male,Black,,,,old,neutral,female,,m,1158,True,False,
7,1,89,test,0,female,White,,,,old,neutral,female,,z,894,False,False,
7,1,90,test,0,male,Latino,,,,new,,,,z,1395,True,False,
7,1,91,test,0,male,White,,,,new,,,,m,863,False,False,
7,1,92,test,0,female,White,,,,new,,,,z,1399,True,False,
7,1,93,test,0,female,White,,,,new,,,,m,970,False,False,
7,1,94,test,0,male,White,,,,new,,,,z,1185,True,False,
7,1,95,test,0,male,Asian,,,,old,angry,female,,m,807,True,False,
7,1,96,test,0,female,Black,,,,new,,,,z,920,True,False,
7,1,97,test,0,male,Black,,,,new,,,,m,1579,False,False,
7,1,98,test,0,male,Black,,,,new,,,,z,958,True,False,
7,1,99,test,0,female,Latino,,,,old,angry,male,,m,884,True,False,
7,1,100,test,0,female,White,,,,new,,,,z,1104,True,False,
7,1,101,test,1,male,Black,,,,new,,,,z,1076,True,False,
7,1,102,test,1,female,White,,,,old,neutral,female,,m,1010,True,False,
7,1,103,test,1,female,Black,,,,old,happy,female,,z,1111,False,False,
7,1,104,test,1,female,Latino,,,,old,angry,male,,m,668,True,False,
7,1,105,test,1,female,White,,,,new,,,,z,837,True,False,
7,1,106,test,1,male,White,,,,new,,,,z,932,True,False,
7,1,107,test,1,female,Latino,,,,new,,,,m,942,False,False,
7,1,108,test,1,female,Latino,,,,old,angry,male,,z,886,False,False,
7,1,109,test,1,male,White,,,,new,,,,m,995,False,False,
7,1,110,test,1,male,Asian,,,,old,neutral,male,,z,2309,False,False,
7,1,111,test,1,male,Latino,,,,old,happy,female,,z,1655,False,False,
7,1,112,test,1,male,Latino,,,,old,neutral,male,,m,958,True,False,
7,1,113,test,1,female,Asian,,,,new,,,,z,1222,True,False,
7,1,114,test,1,male,Latino,,,,new,,,,m,991,False,False,
7,1,115,test,1,male,Black,,,,old,happy,female,,z,1414,False,False,
7,1,116,test,1,male,Asian,,,,new,,,,z,1041,True,False,
7,1,117,test,1,female,White,,,,new,,,,m,1441,False,False,
7,1,118,test,1,female,Black,,,,new,,,,m,984,False,False,
7,1,119,test,1,female,Latino,,,,old,neutral,male,,z,1458,False,False,
7,1,120,test,1,female,Asian,,,,old,happy,male,,z,1201,False,False,
7,1,121,test,1,male,White,,,,new,,,,z,1908,True,False,
7,1,122,test,1,female,Black,,,,old,angry,male,,m,725,True,False,
7,1,123,test,1,female,Black,,,,old,angry,female,,m,850,True,False,
7,1,124,test,1,male,White,,,,old,neutral,female,,m,756,True,False,
7,1,125,test,1,male,Latino,,,,old,neutral,male,,z,944,False,False,
7,1,126,test,1,male,Black,,,,new,,,,z,1156,True,False,
7,1,127,test,1,female,Black,,,,old,neutral,female,,m,1722,True,False,
7,1,128,test,1,female,Latino,,,,new,,,,z,1211,True,False,
7,1,129,test,1,female,White,,,,new,,,,m,2109,False,False,
7,1,130,test,1,male,Black,,,,new,,,,m,1382,False,False,
7,1,131,test,1,male,Black,,,,old,angry,male,,m,2119,True,False,
7,1,132,test,1,male,White,,,,new,,,,z,1574,True,False,
7,1,133,test,1,female,Latino,,,,old,neutral,male,,m,2301,True,False,
7,1,134,test,1,female,White,,,,new,,,,m,1650,False,False,
7,1,135,test,1,male,White,,,,old,happy,male,,z,1406,False,False,
7,1,136,test,1,male,Asian,,,,new,,,,m,1711,False,False,
7,1,137,test,1,male,Latino,,,,old,neutral,male,,m,861,True,False,
7,1,138,test,1,male,Asian,,,,new,,,,z,1829,True,False,
7,1,139,test,1,female,Latino,,,,new,,,,z,1213,True,False,
7,1,140,test,1,male,White,,,,old,happy,male,,z,2503,False,False,
7,1,141,test,2,male,White,,,,old,happy,female,,m,896,True,False,
7,1,142,test,2,male,Black,,,,old,happy,female,,z,1182,False,False,
7,1,143,test,2,male,Black,,,,new,,,,m,1242,False,False,
7,1,144,test,2,female,Asian,,,,old,angry,female,,m,844,True,False,
7,1,145,test,2,female,Black,,,,new,,,,z,1016,True,False,
7,1,146,test,2,female,Asian,,,,old,neutral,male,,m,946,True,False,
7,1,147,test,2,male,Black,,,,old,neutral,male,,m,1335,True,False,
7,1,148,test,2,female,Asian,,,,new,,,,z,1135,True,False,
7,1,149,test,2,female,White,,,,new,,,,z,2178,True,False,
7,1,150,test,2,female,White,,,,new,,,,m,1544,False,False,
7,1,151,test,2,female,White,,,,new,,,,z,1135,True,False,
7,1,152,test,2,female,White,,,,old,happy,male,,z,1642,False,False,
7,1,153,test,2,male,White,,,,old,happy,male,,m,781,True,False,
7,1,154,test,2,female,Latino,,,,old,neutral,female,,m,1199,True,False,
7,1,155,test,2,male,Asian,,,,old,neutral,female,,m,673,True,False,
7,1,156,test,2,male,Asian,,,,new,,,,m,995,False,False,
7,1,157,test,2,female,White,,,,old,happy,female,,m,789,True,False,
7,1,158,test,2,male,White,,,,old,angry,female,,z,1469,False,False,
7,1,159,test,2,male,Asian,,,,old,happy,male,,z,1032,False,False,
7,1,160,test,2,male,White,,,,old,angry,female,,z,1086,False,False,
7,1,161,test,2,male,Asian,,,,new,,,,m,968,False,False,
7,1,162,test,2,female,Black,,,,new,,,,z,796,True,False,
7,1,163,test,2,female,Black,,,,new,,,,z,875,True,False,
7,1,164,test,2,female,Black,,,,new,,,,z,1046,True,False,
7,1,165,test,2,female,Black,,,,old,happy,female,,m,888,True,False,
7,1,166,test,2,female,Asian,,,,new,,,,z,1785,True,False,
7,1,167,test,2,male,Asian,,,,old,angry,female,,z,873,False,False,
7,1,168,test,2,male,Black,,,,new,,,,m,800,False,False,
7,1,169,test,2,female,White,,,,old,neutral,male,,m,1001,True,False,
7,1,170,test,2,female,White,,,,old,angry,female,,z,1747,False,False,
7,1,171,test,2,male,White,,,,new,,,,m,1108,False,False,
7,1,172,test,2,male,White,,,,old,angry,male,,z,1957,False,False,
7,1,173,test,2,female,Latino,,,,old,happy,female,,z,1415,False,False,
7,1,174,test,2,male,White,,,,old,happy,male,,z,1646,False,False,
7,1,175,test,2,female,Black,,,,old,angry,female,,m,773,True,False,
7,1,176,test,2,male,Asian,,,,new,,,,z,851,True,False,
7,1,177,test,2,female,Asian,,,,new,,,,z,1200,True,False,
7,1,178,test,2,male,Latino,,,,new,,,,m,855,False,False,
7,1,179,test,2,female,Black,,,,old,neutral,female,,m,787,True,False,
7,1,180,test,2,female,Asian,,,,new,,,,z,2094,True,False,
